adm1_gid,ghs_pop_2025
AFG.10_1,1233743.3612259626
AFG.11_1,1441645.1870177053
AFG.12_1,3868212.1210280843
AFG.13_1,737303.391705703
AFG.14_1,7148478.439683778
AFG.15_1,2092552.3505799845
AFG.16_1,683246.7426631004
AFG.17_1,1342212.4954844825
AFG.18_1,781161.072296977
AFG.19_1,1182560.805947709
AFG.1_1,1882101.5661163777
AFG.20_1,804315.5343202557
AFG.21_1,619734.9890583381
AFG.22_1,2613171.0904736575
AFG.23_1,223110.03071419336
AFG.24_1,249687.65418732166
AFG.25_1,671932.0216228999
AFG.26_1,987165.6952396948
AFG.27_1,199640.80406582355
AFG.28_1,951478.6233789437
AFG.29_1,592811.4313941635
AFG.2_1,1038069.9853566233
AFG.30_1,807823.2616187781
AFG.31_1,1724204.1002703095
AFG.32_1,593613.0092318505
AFG.33_1,875683.9694169909
AFG.34_1,452703.8334517237
AFG.3_1,1455357.5452842675
AFG.4_1,1986470.4105814039
AFG.5_1,670013.8747519255
AFG.6_1,741539.3825324774
AFG.7_1,926244.8061334342
AFG.8_1,1761855.1826971835
AFG.9_1,1154079.1145838983
AGO.10_1,4863098.135566434
AGO.11_1,12272240.120052122
AGO.12_1,1145741.3064621026
AGO.13_1,611032.0655790847
AGO.14_1,1716687.7561560208
AGO.15_1,2096431.6911526863
AGO.16_1,900342.0604000967
AGO.17_1,786925.1309982128
AGO.18_1,1211051.880063234
AGO.1_1,454078.5200121638
AGO.2_1,2416245.758085575
AGO.3_1,1813885.3323305724
AGO.4_1,1692435.564659052
AGO.5_1,442652.3826314509
AGO.6_1,338159.66607271414
AGO.7_1,2182496.9903710233
AGO.8_1,1813873.0884826654
AGO.9_1,1953167.8726324262
AIA.10_1,1006.0395357077941
AIA.11_1,880.6970027536154
AIA.12_1,1659.0687172776088
AIA.13_1,1402.0718990936875
AIA.14_1,1343.84288423229
AIA.15_1,48.58691664971411
AIA.16_1,
AIA.17_1,215.3597736954689
AIA.18_1,
AIA.1_1,680.8310346659273
AIA.2_1,791.6190002597868
AIA.3_1,1739.0208486644551
AIA.4_1,781.1093625025824
AIA.5_1,396.69436809793115
AIA.6_1,1459.4620499359444
AIA.7_1,294.95341056212783
AIA.8_1,694.3053621882573
AIA.9_1,1168.8654549745843
ALB.10_1,176899.5590690507
ALB.11_1,1138648.932061268
ALB.12_1,166450.88594549114
ALB.1_1,94974.0069133609
ALB.2_1,90785.0041002084
ALB.3_1,283934.64812165964
ALB.4_1,224987.3887992932
ALB.5_1,235258.5948352978
ALB.6_1,47079.24490310022
ALB.7_1,174723.21901046834
ALB.8_1,61169.47221494396
ALB.9_1,116145.47469637555
AND.1_1,21832.777743244544
AND.2_1,11095.883731760085
AND.3_1,12718.337356168777
AND.4_1,9521.730954106897
AND.5_1,11820.751135766506
AND.6_1,5649.548002956435
AND.7_1,7792.962186617777
ARE.1_1,3142248.8434830313
ARE.2_1,440511.90174856456
ARE.3_1,3113750.0383383133
ARE.4_1,264639.1304463744
ARE.5_1,460318.7880373802
ARE.6_1,1919698.6636437248
ARE.7_1,92674.32267167605
ARG.10_1,796316.8642786797
ARG.11_1,372082.4114515211
ARG.12_1,439876.2264430416
ARG.13_1,2135610.054037941
ARG.14_1,1409627.4302132863
ARG.15_1,708854.6786969099
ARG.16_1,797529.9540563121
ARG.17_1,1470988.3668233822
ARG.18_1,777697.94096475
ARG.19_1,556291.3258441605
ARG.1_1,17744297.52893163
ARG.20_1,452828.70796587924
ARG.21_1,3751887.812530962
ARG.22_1,1031894.6634291622
ARG.23_1,158792.12950535864
ARG.24_1,1736768.7508898461
ARG.2_1,438355.4746461257
ARG.3_1,1205167.0235930127
ARG.4_1,710249.4860717736
ARG.5_1,2752260.3811433744
ARG.6_1,3693737.786823616
ARG.7_1,1132602.773895538
ARG.8_1,1368944.5055653413
ARG.9_1,606212.4857659494
ARM.10_1,106243.94232196291
ARM.11_1,43664.39833926642
ARM.1_1,138128.2847252302
ARM.2_1,266447.74769261247
ARM.3_1,307736.1777272361
ARM.4_1,980537.6329254723
ARM.5_1,218233.05939505086
ARM.6_1,212234.95218215763
ARM.7_1,185388.43102494627
ARM.8_1,211543.98990982678
ARM.9_1,110433.86865707685
ASM.1_1,13201.973025155487
ASM.2_1,833.1919609499164
ASM.3_1,6.153378009796143
ASM.4_1,25465.74144905759
AUS.10_1,7062568.415119656
AUS.11_1,2780716.5428748936
AUS.1_1,0.0
AUS.2_1,411748.6731705964
AUS.3_1,0.0
AUS.4_1,738.8475799396547
AUS.5_1,8221008.282172847
AUS.6_1,257933.61028555295
AUS.7_1,5381963.265055368
AUS.8_1,1809673.443606192
AUS.9_1,526099.7254962623
AUT.1_1,295036.5440886223
AUT.2_1,559527.8586258171
AUT.3_1,1692828.8450148897
AUT.4_1,1465326.938396556
AUT.5_1,558115.5669942657
AUT.6_1,1250774.8629800125
AUT.7_1,778877.0280661994
AUT.8_1,390252.9976948588
AUT.9_1,1999480.0604724064
AZE.10_1,643587.793411335
AZE.1_1,3104939.484321746
AZE.2_1,2065238.5518800227
AZE.3_1,334309.07582014194
AZE.4_1,1336714.807101437
AZE.5_1,267393.6244488498
AZE.6_1,969272.3906311109
AZE.7_1,490329.6038332018
AZE.8_1,560242.2870207555
AZE.9_1,637582.053412538
BDI.10_1,1099251.9555364996
BDI.11_1,710878.2893066267
BDI.12_1,446143.40589913167
BDI.13_1,1211791.2204895765
BDI.14_1,438621.58452544827
BDI.15_1,942601.3786992151
BDI.16_1,682266.3818000872
BDI.17_1,768351.3754246049
BDI.1_1,526323.1804335592
BDI.2_1,1281456.538252165
BDI.3_1,735105.0106101157
BDI.4_1,1091222.5075898217
BDI.5_1,444108.68576726876
BDI.6_1,744213.3312805984
BDI.7_1,1103950.93639615
BDI.8_1,649253.876255298
BDI.9_1,1069471.3109625485
BEL.1_1,1273456.0967352595
BEL.2_1,6702691.492654676
BEL.3_1,3739209.840976747
BEN.10_1,1494616.8241324732
BEN.11_1,852074.6179069979
BEN.12_1,1116942.8371258732
BEN.1_1,1355190.3435873808
BEN.2_1,1112944.3226884208
BEN.3_1,2289273.2378811683
BEN.4_1,1940915.9565012539
BEN.5_1,890158.8130489215
BEN.6_1,789842.0119379014
BEN.7_1,964774.0726934057
BEN.8_1,959267.6225126488
BEN.9_1,606660.3961834479
BES.1_1,19618.032793511637
BES.2_1,2016.4113033693284
BES.3_1,5136.431074962951
BFA.10_1,1697855.1504807714
BFA.11_1,976153.9861937412
BFA.12_1,1640670.1205746979
BFA.13_1,952959.8030054653
BFA.1_1,2055912.649508641
BFA.2_1,1224415.2124519767
BFA.3_1,1829178.9085172648
BFA.4_1,1874834.2043256015
BFA.5_1,1812718.6566836173
BFA.6_1,901138.9424574114
BFA.7_1,4066709.11967554
BFA.8_1,2246071.474939026
BFA.9_1,3095327.1388074104
BGD.1_1,8269254.218006033
BGD.2_1,33967072.445027865
BGD.3_1,51349110.82966195
BGD.4_1,16567479.430124402
BGD.5_1,21196326.617326
BGD.6_1,18177656.958714034
BGD.7_1,12884364.165716793
BGD.8_1,13452711.607163522
BGR.10_1,108891.42396392836
BGR.11_1,227534.73011097196
BGR.12_1,110879.97602967406
BGR.13_1,207900.51710163138
BGR.14_1,664365.4783352145
BGR.15_1,93119.1870016579
BGR.16_1,189154.78434084076
BGR.17_1,147656.06099083833
BGR.18_1,94339.0285101512
BGR.19_1,167033.47240495333
BGR.1_1,290799.1998688176
BGR.20_1,97854.0533025763
BGR.21_1,214322.72542950825
BGR.22_1,281036.18957848847
BGR.23_1,98698.29852691037
BGR.24_1,478808.00636119046
BGR.25_1,210187.88253082102
BGR.26_1,68838.53853079118
BGR.27_1,127851.11515715602
BGR.28_1,101566.33686218364
BGR.2_1,378011.6669947215
BGR.3_1,154769.5082196945
BGR.4_1,96192.3207097163
BGR.5_1,1375306.5015307185
BGR.6_1,203395.55478524254
BGR.7_1,134457.85655738087
BGR.8_1,105592.19730366161
BGR.9_1,107209.56759797689
BHR.1_1,793557.2398091361
BHR.3_1,220814.5783116119
BHR.4_1,178346.089997713
BHR.5_1,158244.40503138048
BHS.10_1,208.1272659713868
BHS.11_1,916.4321737620048
BHS.12_1,6273.65779979527
BHS.13_1,27.607672091573477
BHS.14_1,426.6307465736754
BHS.15_1,1749.6974784168415
BHS.16_1,654.8920668025967
BHS.17_1,2311.777425466571
BHS.18_1,380.2921410542913
BHS.19_1,201.79094918258488
BHS.1_1,497.17235720157623
BHS.20_1,257.73626954713836
BHS.21_1,299649.9728955552
BHS.22_1,1495.1772846067324
BHS.23_1,3688.433110470418
BHS.24_1,2370.8784897765145
BHS.25_1,37.45373996021226
BHS.26_1,59.595178905176
BHS.27_1,427.0999017357826
BHS.28_1,894.4954771962948
BHS.29_1,550.710546317976
BHS.2_1,613.5577544437256
BHS.30_1,1606.5195182338357
BHS.31_1,368.5576514005661
BHS.32_1,33514.944189491216
BHS.3_1,829.9816158954054
BHS.4_1,1905.9197152554989
BHS.5_1,846.0413821684197
BHS.6_1,9753.813976633362
BHS.7_1,297.61010421067476
BHS.8_1,1143.9667166508734
BHS.9_1,10427.267670922913
BIH.1_1,146678.02353732055
BIH.2_1,2030439.058223771
BIH.3_1,1001224.969512711
BLR.1_1,1405188.1277957915
BLR.2_1,1460877.585415819
BLR.3_1,1022290.0524943876
BLR.4_1,1025585.6199518928
BLR.5_1,1111651.2469356908
BLR.6_1,1195194.5506899995
BLR.7_1,2195546.0237000994
BLZ.1_1,127708.86609268375
BLZ.2_1,106411.95358147752
BLZ.3_1,47912.48954106541
BLZ.4_1,45623.61383605207
BLZ.5_1,47879.6929819528
BLZ.6_1,30852.907713875175
BMU.10_1,5885.563167660497
BMU.11_1,8874.864724492654
BMU.1_1,4735.23884771578
BMU.2_1,5802.237316634506
BMU.3_1,1196.5761057268828
BMU.4_1,5145.373330516741
BMU.5_1,7967.141451908741
BMU.6_1,2426.928933084011
BMU.7_1,1384.6315176161006
BMU.8_1,5268.6944666923955
BMU.9_1,5797.077207467984
BOL.1_1,647775.8349018567
BOL.2_1,2204525.812300957
BOL.3_1,477709.49778096937
BOL.4_1,3316534.232928518
BOL.5_1,667013.9355126657
BOL.6_1,235289.07995501813
BOL.7_1,972852.8876522575
BOL.8_1,3606424.6133475555
BOL.9_1,655522.6581335894
BRA.10_1,7647887.639368381
BRA.11_1,2976784.1613649502
BRA.12_1,3746358.883307665
BRA.13_1,21958943.679723877
BRA.14_1,9445917.61827334
BRA.15_1,4189676.5398603487
BRA.16_1,11430644.653139217
BRA.17_1,10131687.052963529
BRA.18_1,3486104.0067491736
BRA.19_1,17717199.517891824
BRA.1_1,975055.4040708517
BRA.20_1,3742147.143619598
BRA.21_1,11297383.639597356
BRA.22_1,1787503.8587368382
BRA.23_1,631614.8424987126
BRA.24_1,7398667.472601403
BRA.25_1,45928354.79748552
BRA.26_1,2548178.614176565
BRA.27_1,1748252.8125080767
BRA.2_1,3419767.4677256513
BRA.3_1,964941.7786789921
BRA.4_1,4600139.5280165365
BRA.5_1,15296537.314082036
BRA.6_1,9602159.13514845
BRA.7_1,3500254.134731108
BRA.8_1,4251651.7194266
BRA.9_1,7789359.783855971
BRB.10_1,36922.46728313202
BRB.11_1,13455.595108984038
BRB.1_1,51137.20015394036
BRB.2_1,4150.9832304324955
BRB.3_1,19122.001808562316
BRB.4_1,31984.44196149893
BRB.5_1,7700.054939084686
BRB.6_1,5491.521797315218
BRB.7_1,7883.7318646125495
BRB.8_1,84947.06217018096
BRB.9_1,10413.03798943758
BRN.1_1,61396.80040447021
BRN.2_1,336098.5839369048
BRN.3_1,8700.557847328018
BRN.4_1,46428.00472406112
BTN.10_1,26107.482592673972
BTN.11_1,51253.22335346369
BTN.12_1,77188.11080212146
BTN.13_1,52642.785376569256
BTN.14_1,73002.54000850109
BTN.15_1,63640.53909365926
BTN.16_1,18337.905444405973
BTN.17_1,25194.64063884318
BTN.18_1,47751.066346498206
BTN.19_1,22045.344491041265
BTN.1_1,21310.968041639775
BTN.20_1,24257.355353903025
BTN.2_1,163203.21917837858
BTN.3_1,31233.064771724865
BTN.4_1,3505.5838052313775
BTN.5_1,16063.61932701338
BTN.6_1,18104.498163629323
BTN.7_1,51645.09787597507
BTN.8_1,46811.821595670655
BTN.9_1,27112.69906334998
BWA.10_1,94801.7700244477
BWA.11_1,90691.05512874876
BWA.12_1,208044.3818286967
BWA.13_1,64412.7951490127
BWA.14_1,142948.85062763223
BWA.15_1,269346.14270517556
BWA.16_1,2951.6530502536334
BWA.1_1,718779.2537643469
BWA.2_1,32141.845502676442
BWA.3_1,141036.38352035964
BWA.4_1,276279.11190568376
BWA.5_1,65066.60943825496
BWA.6_1,5418.182939035003
BWA.7_1,66984.34640359314
BWA.8_1,132118.0146687826
BWA.9_1,451760.1363766539
CAF.10_1,182611.89853546955
CAF.11_1,361132.3324850239
CAF.12_1,1265917.9529092526
CAF.13_1,426023.6093224641
CAF.14_1,662425.657147821
CAF.15_1,572449.9372727005
CAF.16_1,171515.87024325947
CAF.17_1,82482.10043929331
CAF.1_1,66366.30199751165
CAF.2_1,356435.80356301507
CAF.3_1,379116.9708327353
CAF.4_1,88190.62446770351
CAF.5_1,138082.75327536464
CAF.6_1,180118.02948963363
CAF.7_1,379319.8922038395
CAF.8_1,545648.2865068418
CAF.9_1,253403.3685464207
CAN.10_1,150257.26354166752
CAN.11_1,8532135.830823665
CAN.12_1,1308510.15203691
CAN.13_1,46151.181740717286
CAN.1_1,5009883.6100351
CAN.2_1,5167881.985193779
CAN.3_1,1429158.8132721903
CAN.4_1,795943.3439666065
CAN.5_1,495802.62705155346
CAN.6_1,41472.31756693005
CAN.7_1,949262.5095537697
CAN.8_1,32788.73881953241
CAN.9_1,14825371.077500476
CHE.10_1,214222.101650863
CHE.11_1,71948.37897162407
CHE.12_1,432144.95510501764
CHE.13_1,181729.53696306003
CHE.14_1,41864.78002612293
CHE.15_1,41236.86649257317
CHE.16_1,520644.25356043875
CHE.17_1,80289.51419671718
CHE.18_1,176877.59434856754
CHE.19_1,274162.30048068485
CHE.1_1,706458.4951945309
CHE.20_1,280721.30914739333
CHE.21_1,379254.5687778445
CHE.22_1,36383.65759673016
CHE.23_1,388677.12742468616
CHE.24_1,864094.284090318
CHE.25_1,137483.30118412198
CHE.26_1,1562702.8574288567
CHE.2_1,56086.74098191643
CHE.3_1,16194.570838497952
CHE.4_1,276157.63040229236
CHE.5_1,176570.7681946354
CHE.6_1,1027124.2774683097
CHE.7_1,357486.3095800115
CHE.8_1,519527.2112283404
CHE.9_1,39877.90377798723
CHL.10_1,396068.21726548625
CHL.11_1,160443.4872731868
CHL.12_1,1158070.5088816085
CHL.13_1,484364.4442996625
CHL.14_1,7849700.507198122
CHL.15_1,224829.84685999155
CHL.16_1,2057462.0249821367
CHL.1_1,124925.32499894919
CHL.2_1,584676.5777702776
CHL.3_1,1116920.1061139642
CHL.4_1,154407.20743996068
CHL.5_1,330678.38346603373
CHL.6_1,1749407.0380986314
CHL.7_1,869883.9080318743
CHL.8_1,1030130.8654941698
CHL.9_1,1007417.4567549303
CIV.10_1,2313317.419557451
CIV.11_1,1818430.671388355
CIV.12_1,1187448.3459597463
CIV.13_1,452641.30989788286
CIV.14_1,1137853.0940314569
CIV.1_1,6601327.115287339
CIV.2_1,3051404.0223898375
CIV.3_1,1491530.3785356525
CIV.4_1,369926.2708337195
CIV.5_1,2164185.9945077086
CIV.6_1,1617052.8906691968
CIV.7_1,1708646.8857610477
CIV.8_1,3282188.8386860257
CIV.9_1,3088805.939851394
CMR.10_1,985583.1698992904
CMR.1_1,1472529.4008246353
CMR.2_1,7025854.19420198
CMR.3_1,1055893.816872539
CMR.4_1,4813226.268503574
CMR.5_1,5407253.03912095
CMR.6_1,2249830.695030563
CMR.7_1,3211270.303729562
CMR.8_1,2048325.5485518374
CMR.9_1,1885736.4164835345
COD.10_1,13472468.6881351
COD.11_1,4547335.589288808
COD.12_1,1852291.7859032569
COD.13_1,3547997.611585358
COD.14_1,3534878.7804611884
COD.15_1,3994754.1775851697
COD.16_1,1337701.0466235976
COD.17_1,2581441.9385951892
COD.18_1,1918031.15730937
COD.19_1,7979156.741199848
COD.1_1,1267124.1966695078
COD.20_1,1303073.6463791486
COD.21_1,167593.09791792138
COD.22_1,5208152.384739306
COD.23_1,2496231.2603771836
COD.24_1,5517266.061343256
COD.25_1,3161707.005272303
COD.26_1,1392846.1003521606
COD.2_1,2069154.6269529825
COD.3_1,9468922.800871503
COD.4_1,7942692.441396315
COD.5_1,1774916.6967317034
COD.6_1,5230024.810409555
COD.7_1,6710747.286320522
COD.8_1,4822918.142071115
COD.9_1,5772056.342997665
COG.10_1,251953.1443822817
COG.11_1,456487.29280407424
COG.12_1,88302.2591369152
COG.1_1,187332.85302018147
COG.2_1,2763705.563670271
COG.3_1,167270.05886960868
COG.4_1,130181.76739912108
COG.5_1,528406.6726233894
COG.6_1,137539.07648945833
COG.7_1,1520657.2375403289
COG.8_1,100375.69334546104
COG.9_1,75583.85533838393
COK.10_1,3.722879037261009
COK.11_1,8107.022371684201
COK.1_1,3518.0184162184596
COK.2_1,595.5478244908154
COK.3_1,580.8440262377262
COK.4_1,65.31613714993
COK.5_1,236.98775418894365
COK.6_1,241.41011194325984
COK.7_1,70.03299846500158
COK.8_1,130.5549363968894
COK.9_1,604.2949822098017
COL.10_2,896652.8907333873
COL.11_2,1390459.3667004518
COL.12_2,1117144.3652267195
COL.13_2,473341.55701631214
COL.14_2,2013760.0716783688
COL.15_2,3339277.076538265
COL.16_2,98664.94471631758
COL.17_2,146034.10851103067
COL.18_2,1156623.8762006955
COL.19_2,1186630.0936453985
COL.1_2,112319.52864211018
COL.20_2,1173036.1835555108
COL.21_2,913220.6688050844
COL.22_2,1683116.3262445386
COL.23_2,1314133.9111927436
COL.24_2,434473.301087738
COL.25_2,597512.4248944777
COL.26_2,923296.9737056904
COL.27_1,64764.03874723334
COL.28_2,2319635.2858756185
COL.29_2,803956.3885600478
COL.2_2,6033395.368589475
COL.30_2,1291198.4937252803
COL.31_2,4872994.13404442
COL.32_2,84850.85835638823
COL.33_2,76240.85598163912
COL.3_2,384716.34559140354
COL.4_2,2686826.90411456
COL.5_2,9396807.772914303
COL.6_2,2809881.555555888
COL.7_2,1113708.7555390922
COL.8_2,855229.1493269885
COL.9_2,554456.2509118672
COM.1_1,56328.38845911482
COM.2_1,434513.75417978317
COM.3_1,316519.3277550638
CPV.10_1,7835.674455088098
CPV.11_1,24612.520158524625
CPV.12_1,37757.84783905931
CPV.13_1,22434.872424678877
CPV.14_1,8807.171938272892
CPV.15_1,16525.816737125395
CPV.16_1,13702.515553220175
CPV.17_1,166744.63966590585
CPV.18_1,5626.759933640249
CPV.19_1,19791.162864036392
CPV.1_1,16924.110846107826
CPV.20_1,94308.95962246694
CPV.21_1,39686.095133246854
CPV.22_1,4447.784460743889
CPV.2_1,5654.106757309288
CPV.3_1,5743.635344911367
CPV.4_1,6530.415868688375
CPV.5_1,15914.400090754032
CPV.6_1,8356.892270375043
CPV.7_1,14880.008291210921
CPV.8_1,8461.084328169934
CPV.9_1,24103.52994155418
CRI.1_1,1226237.9322870234
CRI.2_1,547508.0514147948
CRI.3_1,406473.2645019116
CRI.4_1,549034.7197970732
CRI.5_1,433408.906423755
CRI.6_1,466293.29624623526
CRI.7_1,1634487.177937723
CYM.1_1,11244.443763629766
CYM.3_1,620.0446026398567
CYM.4_1,38379.227764353156
CYM.6_1,3521.3231041525723
CYM.7_1,8996.79000433581
CYM.8_1,1405.449979311321
CYP.1_1,45082.21484476724
CYP.2_1,138944.66141416237
CYP.3_1,263776.86205117765
CYP.4_1,335042.65174212004
CYP.5_1,116765.65585760016
CZE.10_1,575159.7231140152
CZE.11_1,1360603.268590657
CZE.12_1,1554734.077220374
CZE.13_1,789439.9704515755
CZE.14_1,546890.7807018587
CZE.1_1,608938.1574381286
CZE.2_1,1167062.5928543652
CZE.3_1,280620.79257039283
CZE.4_1,491874.292319876
CZE.5_1,526458.8963044886
CZE.6_1,420706.9257695668
CZE.7_1,1127725.5118404056
CZE.8_1,580725.6671569424
CZE.9_1,492181.4072867562
DEU.10_1,18362117.506183498
DEU.11_1,4169521.6038375534
DEU.12_1,976593.4227063823
DEU.13_1,2101343.248903943
DEU.14_1,4125996.765334277
DEU.15_1,2889428.7636304013
DEU.16_1,2025295.2955622245
DEU.1_1,10993026.683937281
DEU.2_1,13350766.880201448
DEU.3_1,3617158.370359929
DEU.4_1,2456180.259264063
DEU.5_1,686837.5873310333
DEU.6_1,1783023.0344045227
DEU.7_1,6257730.0162432995
DEU.8_1,1483086.757974725
DEU.9_1,7913945.096553171
DJI.1_2,115397.93361891434
DJI.2_1,77717.93035677075
DJI.3_1,735907.2261641715
DJI.4_1,47577.87599330768
DJI.5_1,128200.62985509634
DJI.6_1,36988.40589714609
DNK.1_1,1883064.1026188585
DNK.2_1,1350275.5253278846
DNK.3_1,571645.7850338316
DNK.4_1,813908.5675404054
DNK.5_1,1231029.467287249
DOM.10_1,58323.906309957616
DOM.11_1,312818.74133145716
DOM.12_1,61074.127028940246
DOM.13_1,307141.2405857509
DOM.14_1,436616.03228734015
DOM.15_1,173527.05005732737
DOM.16_1,173704.85090640653
DOM.17_1,113756.17586235143
DOM.18_1,221428.44357521366
DOM.19_1,45351.861680397764
DOM.1_1,219846.8096617075
DOM.20_1,283749.1922814897
DOM.21_1,315714.00716495654
DOM.22_1,86622.99731996655
DOM.23_1,106551.4693242861
DOM.24_1,663221.2947692396
DOM.25_1,58365.29985589348
DOM.26_1,215946.66542286007
DOM.27_1,367584.87821972254
DOM.28_1,141998.48053501174
DOM.29_1,48249.75168536557
DOM.2_1,127169.11636084784
DOM.30_1,1028337.081490044
DOM.31_1,3571353.656908678
DOM.32_1,229706.05979577824
DOM.3_1,185590.88957372773
DOM.4_1,60554.47354737017
DOM.5_1,1031123.1519400124
DOM.6_1,324637.44262023736
DOM.7_1,82816.96589278989
DOM.8_1,288524.6229337221
DOM.9_1,94819.00051119702
DZA.10_1,1576539.5502434233
DZA.11_1,819226.9663160197
DZA.12_1,873952.1373632648
DZA.13_1,1194195.7082275013
DZA.14_1,1348107.487150235
DZA.15_1,1157959.5146359196
DZA.16_1,2046908.6419306211
DZA.17_1,393172.3546064333
DZA.18_1,1020148.923907998
DZA.19_1,548745.5336274849
DZA.1_1,630888.7077687634
DZA.20_1,523041.3442028123
DZA.21_1,614880.7416136572
DZA.22_1,109192.40966819134
DZA.23_1,781350.3739081747
DZA.24_1,533491.8586454564
DZA.25_1,863189.6845716182
DZA.26_1,1457629.089224957
DZA.27_1,1052579.8351082858
DZA.28_1,911530.1794934641
DZA.29_1,998569.3083128654
DZA.2_1,1030983.5839420045
DZA.30_1,997105.1864468502
DZA.31_1,400245.7364313435
DZA.32_1,1968561.643701916
DZA.33_1,856321.5975727958
DZA.34_1,879240.8661050294
DZA.35_1,938660.5456663352
DZA.36_1,458631.3348917458
DZA.37_1,1965817.6230841596
DZA.38_1,795553.7097151894
DZA.39_1,1177133.050642185
DZA.3_1,481355.1697803633
DZA.40_1,617856.6328950943
DZA.41_1,280584.38046661206
DZA.42_1,899080.0910139801
DZA.43_1,1163104.2177166548
DZA.44_1,133134.91187521536
DZA.45_1,775852.0995131778
DZA.46_1,404961.1097056065
DZA.47_1,1231190.034848229
DZA.48_1,1220457.7154482915
DZA.4_1,3785543.838364455
DZA.5_1,703031.0733782544
DZA.6_1,1533083.268375729
DZA.7_1,381622.7288825824
DZA.8_1,1067196.1138305457
DZA.9_1,1102981.940169768
ECU.10_1,4752611.000377166
ECU.11_1,478276.5815517078
ECU.12_1,500357.5510475612
ECU.13_1,976334.0000485969
ECU.14_1,1622292.4738772432
ECU.15_1,208046.6509161899
ECU.16_1,200091.54969767947
ECU.17_1,262788.99663323094
ECU.18_1,126917.0392514104
ECU.19_1,3376258.2751314333
ECU.1_1,932570.4909131043
ECU.20_1,395886.52366016386
ECU.21_1,545797.8844603822
ECU.22_1,270832.62368929107
ECU.23_1,599983.7963674376
ECU.24_1,114375.40473353304
ECU.2_1,202368.99700170476
ECU.3_1,254103.508816184
ECU.4_1,179206.18851500377
ECU.5_1,537836.3354628652
ECU.6_1,496043.4743719045
ECU.7_1,702679.8059569881
ECU.8_1,685877.4508510223
ECU.9_1,30334.397291057743
EGY.10_1,6297007.970953563
EGY.11_1,10567461.210194876
EGY.12_1,7289350.422229007
EGY.13_1,6154714.867632827
EGY.14_1,272163.6275632158
EGY.15_1,751175.4926014623
EGY.16_1,8945034.77366519
EGY.17_1,1528435.0136068505
EGY.18_1,5254698.93880784
EGY.19_1,3543029.4389873785
EGY.1_1,7354076.051210263
EGY.20_1,901996.451966552
EGY.21_1,1683414.206252596
EGY.22_1,176421.8840222743
EGY.23_1,3883111.9614845444
EGY.24_1,564622.3012848108
EGY.25_1,2645948.294521057
EGY.26_1,552736.5404531553
EGY.27_1,5614122.448074739
EGY.2_1,355549.9117635491
EGY.3_1,7092585.445700981
EGY.4_1,4046776.86947235
EGY.5_1,5870036.89907288
EGY.6_1,6636674.13993835
EGY.7_1,1486772.8490531154
EGY.8_1,11649273.81004902
EGY.9_1,4815483.507392325
ERI.1_1,390449.2694225265
ERI.2_1,1051842.4652471775
ERI.3_1,114611.07922312245
ERI.4_1,886531.9836618453
ERI.5_1,912027.5700251823
ERI.6_1,464976.0011020936
ESP.10_1,4989166.739468436
ESP.11_1,932293.1322929559
ESP.12_1,2254296.4930498837
ESP.13_1,1174501.904489387
ESP.14_1,2068744.8507470943
ESP.15_1,332582.49663314153
ESP.16_1,1961798.818701975
ESP.17_1,968425.4195915498
ESP.18_1,1564152.7475206326
ESP.1_1,7929344.990825652
ESP.2_1,1341282.655863626
ESP.3_1,511275.1869862352
ESP.4_1,2048921.6296852292
ESP.5_1,2167344.283248742
ESP.6_1,8246349.669145556
ESP.7_1,115009.25152095407
ESP.8_1,7488719.979375374
ESP.9_1,614839.78718848
EST.10_1,23687.971369333798
EST.11_1,41746.40931077828
EST.12_1,39807.94808580179
EST.13_1,141722.35714138777
EST.14_1,22473.955765709514
EST.15_1,36785.57192464464
EST.16_1,25919.878105039592
EST.1_1,657654.0148254463
EST.2_1,4237.724292416286
EST.3_1,116123.82301168519
EST.4_1,23495.711882283038
EST.5_1,23018.144570969947
EST.6_1,42489.69290462516
EST.7_1,16104.292547492514
EST.8_1,77918.51271071467
EST.9_1,714.2293913804169
ETH.10_1,27196594.571108032
ETH.11_1,7781988.513169631
ETH.1_1,6990771.873996151
ETH.2_1,2277703.663076885
ETH.3_1,27226267.600539174
ETH.4_1,1439872.8704260942
ETH.5_1,589855.3235505018
ETH.6_1,788958.9056672417
ETH.7_1,323596.80165108666
ETH.8_1,50349864.09715626
ETH.9_1,7808497.584292592
FIN.1_1,565351.6562519933
FIN.2_1,164643.58254788537
FIN.3_1,485229.1912004994
FIN.4_1,1936134.488398046
FIN.5_1,2265487.4329518876
FJI.1_1,414339.46888075164
FJI.2_1,26219.306222187704
FJI.3_1,121449.6266065815
FJI.4_1,765.2541609583423
FJI.5_1,339360.88034171396
FRA.10_1,5984326.346207717
FRA.11_1,6132543.324521171
FRA.12_1,3866271.81742651
FRA.13_1,4977019.462267233
FRA.1_1,8061181.648938518
FRA.2_1,2779786.719869041
FRA.3_1,3386284.717826035
FRA.4_1,2549153.1269121207
FRA.5_1,316861.97068046
FRA.6_1,5425874.001175204
FRA.7_1,5809402.485674198
FRA.8_1,12294282.138399752
FRA.9_1,3233232.025558763
FRO.1_1,12871.647549710784
FRO.2_1,5704.695603260771
FRO.3_1,1318.9506207515333
FRO.4_1,22073.574667957277
FRO.5_1,4369.605858480323
FRO.6_1,3695.135254783847
FSM.1_1,37329.994612001814
FSM.2_1,3683.4157390443143
FSM.3_1,36263.70366321798
FSM.4_1,10014.825980851892
GAB.1_1,1055660.4759484464
GAB.2_1,664536.5647819526
GAB.3_1,76771.20486073871
GAB.4_1,107639.63265101705
GAB.5_1,51420.10909627564
GAB.6_1,68561.98845702782
GAB.7_1,86600.3346143961
GAB.8_1,132928.37136322958
GAB.9_1,250045.14717480168
GBR.1_1,57252138.532434136
GBR.2_1,1939880.2069597393
GBR.3_1,5460639.61744826
GBR.4_1,3139140.2714560186
GEO.10_1,145039.40218522027
GEO.11_1,243584.94301648112
GEO.12_1,976939.213524814
GEO.1_1,305003.0930866457
GEO.2_1,329545.1100883717
GEO.3_1,103757.67898506811
GEO.4_1,458186.80751700816
GEO.5_1,291438.4697130278
GEO.6_1,445077.7094545644
GEO.7_1,91403.46998022438
GEO.8_1,25183.93617390003
GEO.9_1,268451.7590767143
GGY.10_1,2661.093253865838
GGY.11_1,6288.010370168835
GGY.12_1,2464.7437449730933
GGY.13_1,548.4975863387808
GGY.14_1,331.3248817957938
GGY.15_1,12087.954653870314
GGY.1_1,1488.982123372145
GGY.3_1,7091.417924406007
GGY.4_1,1257.2160295024514
GGY.7_1,2928.2106207944453
GGY.8_1,4981.023988215253
GGY.9_1,19470.074309796095
GIN.1_1,1449883.9948209058
GIN.2_1,2152234.6197150643
GIN.3_1,1315883.1573443143
GIN.4_1,3253513.772103305
GIN.5_1,2477705.9406854818
GIN.6_1,1314057.3294204483
GIN.7_1,881270.5138734085
GIN.8_1,2003747.5756967133
GLP.1_1,179860.00343421916
GLP.2_1,200453.82245029672
GMB.1_1,504168.93614590913
GMB.2_1,90083.41356140561
GMB.3_1,271044.77099650353
GMB.4_1,292242.8116824478
GMB.5_1,316372.7032560203
GMB.6_1,1415202.729655698
GNB.1_1,292247.574307017
GNB.2_1,179158.50292433077
GNB.3_1,591182.3033814733
GNB.4_1,39565.26171829924
GNB.5_1,249259.58448364027
GNB.6_1,319435.4284803802
GNB.7_1,312934.9447668297
GNB.8_1,87527.83069360722
GNB.9_1,125039.6128185736
GNQ.1_1,778.7755849696696
GNQ.2_1,787375.9230205864
GNQ.3_1,5964.259573418647
GNQ.4_1,25867.801730543142
GNQ.5_1,30364.28204824915
GNQ.6_1,879198.1284255031
GNQ.7_1,35882.304919593036
GRC.1_1,452177.15290213143
GRC.2_1,1597.3785051661544
GRC.3_1,3621869.560412068
GRC.4_1,596929.1170171992
GRC.5_1,584908.5775483112
GRC.6_1,2356320.7368928413
GRC.7_1,1267326.6922046859
GRC.8_1,1163579.8294290018
GRD.1_1,4141.093823561445
GRD.2_1,26686.830970149487
GRD.3_1,14769.391214458272
GRD.4_1,50983.30368737597
GRD.5_1,6713.953165516257
GRD.6_1,4523.499164454639
GRD.7_1,10594.406753433868
GRL.1_1,5822.160274053189
GRL.2_1,0.0
GRL.3_1,11823.064435991284
GRL.4_1,7463.006844020216
GRL.5_1,22185.16743860251
GTM.10_1,423670.6098541999
GTM.11_1,524046.6223481209
GTM.12_1,952608.1322366295
GTM.13_1,991652.5229075111
GTM.14_1,1384021.5900145965
GTM.15_1,376034.7132187411
GTM.16_1,381177.6628717631
GTM.17_1,1293253.0656791094
GTM.18_1,410226.2963691419
GTM.19_1,599527.3416420128
GTM.1_1,1544656.2098038644
GTM.20_1,657687.8350503705
GTM.21_1,652088.6426751891
GTM.22_1,254030.76654823264
GTM.2_1,349064.07210760284
GTM.3_1,825516.5694866106
GTM.4_1,465090.71383843943
GTM.5_1,183040.18516775873
GTM.6_1,798501.9133622237
GTM.7_1,3551508.001000834
GTM.8_1,1462331.8954601362
GTM.9_1,522226.9164400152
GUF.1_1,193609.51671235124
GUF.2_1,126200.64801737107
GUM.10_1,2286.449619134888
GUM.11_1,7358.331457509194
GUM.12_1,1110.978465500928
GUM.13_1,5099.918580281665
GUM.14_1,2158.545797986444
GUM.15_1,4625.297406498808
GUM.16_1,18881.079201803776
GUM.17_1,1111.4546815529466
GUM.18_1,21481.297092079127
GUM.19_1,11313.280849473551
GUM.1_1,3068.9362774193287
GUM.2_1,6119.506122583523
GUM.3_1,2261.254769111052
GUM.4_1,9718.035231537651
GUM.5_1,8073.20975373406
GUM.6_1,47264.17459030164
GUM.7_1,1239.5522254961543
GUM.8_1,2498.809867359232
GUM.9_1,16658.950453228666
GUY.10_1,36879.394798276946
GUY.1_1,34377.79945568275
GUY.2_1,26669.845013089478
GUY.3_1,320013.15760942735
GUY.4_1,102321.84885872691
GUY.5_1,122688.76541652961
GUY.6_1,56776.197014357895
GUY.7_1,45295.68345012562
GUY.8_1,11911.979057891294
GUY.9_1,42330.112347320886
HND.10_1,285192.0514322771
HND.11_1,67252.89691755548
HND.12_1,235378.53702481603
HND.13_1,383583.18406149454
HND.14_1,187649.02149241278
HND.15_1,626628.381702821
HND.16_1,509178.2930312683
HND.17_1,188575.70592627558
HND.18_1,679696.0765585818
HND.1_1,615607.6910048906
HND.2_1,469702.72157306736
HND.3_1,355695.4362810673
HND.4_1,650107.5990533642
HND.5_1,466955.0678019533
HND.6_1,2201407.0500010615
HND.7_1,537075.1645550504
HND.8_1,2275295.3076438718
HND.9_1,115856.36111214617
HRV.10_1,102637.35145454435
HRV.11_1,263942.74435843434
HRV.12_1,66850.63813553285
HRV.13_1,254285.10810011486
HRV.14_1,94080.42225682712
HRV.15_1,151568.41806713655
HRV.16_1,406456.4433989001
HRV.17_1,162909.25566325872
HRV.18_1,72746.22617491754
HRV.19_1,142355.58861791622
HRV.1_1,100859.70780008193
HRV.20_1,159530.05720789975
HRV.21_1,240421.09424984176
HRV.2_1,133288.14998951321
HRV.3_1,110807.92327801674
HRV.4_1,853876.4000488967
HRV.5_1,191633.35431697266
HRV.6_1,114611.59664986446
HRV.7_1,102077.08922290895
HRV.8_1,117585.97780017089
HRV.9_1,45673.87801118125
HTI.10_1,852794.3501820192
HTI.1_1,922478.6641584161
HTI.2_1,565197.040466683
HTI.3_1,2306545.5494039934
HTI.4_1,422661.3151051076
HTI.5_1,470030.2694857642
HTI.6_1,998443.3910045354
HTI.7_1,1311707.6938166972
HTI.8_1,3123054.765760966
HTI.9_1,789554.2507677879
HUN.10_1,308304.98383354186
HUN.11_1,374461.0223780242
HUN.12_1,243610.00421719486
HUN.13_1,192275.75078136986
HUN.14_1,1178443.3051497312
HUN.15_1,294111.5977759815
HUN.16_1,596329.1195804332
HUN.17_1,213247.6464951695
HUN.18_1,250344.92956841155
HUN.19_1,315300.5606102736
HUN.1_1,486607.7994489424
HUN.20_1,235985.06078333035
HUN.2_1,346752.7654987993
HUN.3_1,318127.18391512893
HUN.4_1,665853.1962345752
HUN.5_1,1890482.2612686087
HUN.6_1,400695.5467388646
HUN.7_1,446986.849995014
HUN.8_1,494659.17685968196
HUN.9_1,619663.4153978783
IDN.10_1,32127691.77318696
IDN.11_1,38384645.698670015
IDN.12_1,5068874.879122489
IDN.13_1,4368180.359451319
IDN.14_1,2701998.26478191
IDN.16_1,2644608.9746760447
IDN.17_1,8565287.409370596
IDN.18_1,1383077.667856345
IDN.19_1,1798741.0524913725
IDN.1_1,4540631.568096342
IDN.20_1,5145361.591137311
IDN.21_1,5549154.139868569
IDN.22_1,1362467.3390998393
IDN.23_1,7168480.462368919
IDN.24_1,8621634.384426793
IDN.25_1,1641100.6568306787
IDN.26_1,9016494.284252074
IDN.27_1,3051079.307166814
IDN.28_1,2887743.2772608893
IDN.29_1,2663676.8710521664
IDN.2_1,4758255.977018325
IDN.30_1,5399556.850719421
IDN.31_1,8054164.646093671
IDN.32_1,14298267.245563742
IDN.33_1,3728296.5131046204
IDN.34_1,4496272.030394553
IDN.35_1,781084.6902195998
IDN.3_1,1685376.8064226387
IDN.4_1,14427148.036659649
IDN.5_1,1895913.1394309253
IDN.6_1,1271664.332692951
IDN.7_1,11164726.955028933
IDN.8_1,4011649.4011517633
IDN.9_1,53689240.46050428
IMN.10_2,1189.0310583561659
IMN.11_2,1360.1841728445143
IMN.12_2,2845.3682420719415
IMN.13_2,2562.864114701748
IMN.14_2,1715.7054924480617
IMN.15_2,6726.259025503881
IMN.16_2,1603.4465985745192
IMN.17_2,4232.211736377329
IMN.18_2,2408.341595724225
IMN.19_2,732.6678367815912
IMN.1_2,1312.4591343384236
IMN.20_2,8031.2851179130375
IMN.21_2,662.8977275975049
IMN.2_2,3773.177228063345
IMN.3_2,917.5171341346577
IMN.4_2,5035.628567371517
IMN.5_2,332.00443832203746
IMN.6_2,2561.892268068157
IMN.7_2,27020.33731180057
IMN.8_2,3601.3982551116496
IMN.9_2,3970.2745308354497
IND.10_1,1522673.6548357718
IND.11_1,74177611.11439057
IND.12_1,30509702.43927257
IND.13_1,7792140.369870601
IND.15_1,41256770.55633877
IND.16_1,73619858.12230305
IND.17_1,45379950.627559304
IND.18_1,52314.87862411514
IND.19_1,88483537.53472963
IND.1_1,367196.12222249154
IND.20_1,130867316.77402066
IND.21_1,3609998.604732469
IND.22_1,4047784.6334414277
IND.23_1,1426805.2196236923
IND.24_1,2011235.0290861193
IND.25_1,21895625.809601035
IND.26_1,47692769.671393946
IND.27_1,1338486.6816359125
IND.28_1,31836579.976217456
IND.29_1,84624807.86201406
IND.2_1,53206930.95753969
IND.30_1,665500.134689698
IND.31_1,84298224.40778121
IND.32_1,39864411.5415501
IND.33_1,4290359.226001961
IND.34_1,242751220.1358598
IND.35_1,12184433.4248403
IND.36_1,103321296.40022728
IND.3_1,677365.6115855472
IND.4_1,36192269.7857568
IND.5_1,133198472.41032562
IND.6_1,1006206.8377183639
IND.7_1,31080680.88863621
IND.8_1,664378.3943057451
IND.9_1,215764.56016011257
IRL.10_1,104935.26701987989
IRL.11_1,114327.18495371763
IRL.12_1,35208.364679110935
IRL.13_1,189666.22863288852
IRL.14_1,47410.70853520988
IRL.15_1,133220.57454513398
IRL.16_1,129730.79623297835
IRL.17_1,228227.85731199465
IRL.18_1,64978.86058266461
IRL.19_1,82680.25594711013
IRL.1_1,59896.27453297225
IRL.20_1,72685.58612201852
IRL.21_1,67660.05969256372
IRL.22_1,163486.70296766364
IRL.23_1,111961.3452880544
IRL.24_1,92510.44487460132
IRL.25_1,163632.1571498321
IRL.26_1,161235.26517739473
IRL.2_1,91216.1898743707
IRL.3_1,117683.71437868546
IRL.4_1,553483.9115661818
IRL.5_1,173806.1451171101
IRL.6_1,1303633.265701355
IRL.7_1,272964.9772943179
IRL.8_1,140300.24828887207
IRL.9_1,251747.51705080905
IRQ.10_1,6416997.801545766
IRQ.11_1,2603849.7080678586
IRQ.12_1,3082570.655525663
IRQ.13_1,2113226.6122127296
IRQ.14_1,1424363.7659672173
IRQ.15_1,1390797.0711521823
IRQ.16_1,4855259.141826286
IRQ.17_1,3170129.861363846
IRQ.18_1,1634275.6357225645
IRQ.1_1,2611470.458099173
IRQ.2_1,3589652.424562816
IRQ.3_1,1039364.6933343634
IRQ.4_1,2037542.0588556742
IRQ.5_1,1675841.8123091059
IRQ.6_1,2664707.2775408463
IRQ.7_1,2208263.0916144634
IRQ.8_1,1965879.495359416
IRQ.9_1,3062163.469416719
ISL.1_1,10391.248728409875
ISL.2_1,28620.41538132867
ISL.3_1,219991.96180653758
ISL.4_1,6771.733236603206
ISL.5_1,29928.090635232627
ISL.6_1,31370.11582435295
ISL.7_1,4012.316882742569
ISL.8_1,13384.235327143455
ISR.1_1,43483.91148069361
ISR.2_1,1307629.2597091272
ISR.3_1,980335.3378086728
ISR.4_1,2804424.6486621858
ISR.5_1,1515801.7786822482
ISR.6_1,1205803.2273771288
ISR.7_1,1573862.315171253
ITA.10_1,10126752.006591097
ITA.11_1,1412089.0456976648
ITA.12_1,257197.46501322323
ITA.13_1,4226563.945395659
ITA.14_1,1481279.1651518806
ITA.15_1,4485209.08595316
ITA.16_1,3507245.76687434
ITA.17_1,1039220.9564655027
ITA.18_1,888826.9597486171
ITA.19_1,116257.67340694946
ITA.1_1,1198509.0857223806
ITA.20_1,4931836.285684541
ITA.2_1,3719501.554931955
ITA.3_1,490555.62154528114
ITA.4_1,1649286.1474222646
ITA.5_1,5544113.164204469
ITA.6_1,4493236.208482332
ITA.7_1,1227582.2564706767
ITA.8_1,5795857.586401991
ITA.9_1,1394467.7057191017
JAM.10_1,193008.13945642114
JAM.11_1,110425.18712259736
JAM.12_1,94308.94621558115
JAM.13_1,74996.03154569771
JAM.14_1,144656.80672510527
JAM.1_1,255020.21391341835
JAM.2_1,68807.91586191021
JAM.3_1,94776.61567802727
JAM.4_1,196855.7093574321
JAM.5_1,81061.69588833209
JAM.6_1,570442.2173003685
JAM.7_1,175754.84861088684
JAM.8_1,562041.1560881985
JAM.9_1,153580.0947765261
JEY.10_1,4705.283790703863
JEY.11_1,15389.420453071594
JEY.12_1,3834.4302121000364
JEY.1_1,5694.538918657228
JEY.2_1,11616.229705245234
JEY.3_1,7898.630762679502
JEY.4_1,39844.454590825364
JEY.5_1,3531.9206277802587
JEY.6_1,6939.040509911254
JEY.7_1,2385.295124102384
JEY.8_1,2229.0662213498726
JEY.9_1,4374.206647064537
JOR.10_1,545003.6268703048
JOR.11_1,139249.37647524662
JOR.12_1,1559214.3987527397
JOR.1_1,304125.2465453148
JOR.2_1,4675810.540660083
JOR.3_1,209185.99059897428
JOR.4_1,1123778.458924185
JOR.5_1,1910165.820786463
JOR.6_1,180843.6667605671
JOR.7_1,378558.95953446906
JOR.8_1,169477.05068194028
JOR.9_1,244361.93422960304
JPN.10_1,1786036.6206925332
JPN.11_1,2559105.041181865
JPN.12_1,5179025.96931392
JPN.13_1,5126083.670766489
JPN.14_1,2658479.7252918724
JPN.15_1,1134472.012779382
JPN.16_1,1200507.1131403558
JPN.17_1,903018.0080518546
JPN.18_1,1502319.7269224739
JPN.19_1,9484712.839255214
JPN.1_1,7653940.106532864
JPN.20_1,659344.1394090953
JPN.21_1,1740178.332802048
JPN.22_1,2318147.2250027787
JPN.23_1,1575822.7171276615
JPN.24_1,2468376.455345272
JPN.25_1,1072701.1906134759
JPN.26_1,2067280.663436527
JPN.27_1,1230598.0124225088
JPN.28_1,1178283.0042491967
JPN.29_1,2209542.8497948125
JPN.2_1,930674.0860398732
JPN.30_1,1085284.552505058
JPN.31_1,1852713.4362742768
JPN.32_1,1443922.97267278
JPN.33_1,7843682.396963916
JPN.34_1,823001.6457517778
JPN.35_1,7049742.798649667
JPN.36_1,1547754.1376601937
JPN.37_1,621427.38304198
JPN.38_1,2038217.990426528
JPN.39_1,1819489.0578921018
JPN.3_1,1167729.4407741516
JPN.40_1,702201.5927455582
JPN.41_1,13614687.83047827
JPN.42_1,480445.2712236617
JPN.43_1,1011690.9808434369
JPN.44_1,776658.4431584912
JPN.45_1,1064973.631905992
JPN.46_1,1319951.2326087288
JPN.47_1,806890.038465675
JPN.4_1,5616458.894904814
JPN.5_1,1281008.9654588904
JPN.6_1,764236.8820960508
JPN.7_1,4915185.799563686
JPN.8_1,1897050.3577313041
JPN.9_1,2004525.706169504
KAZ.10_1,733918.1078442715
KAZ.11_1,832541.3280204344
KAZ.12_1,3812582.7298085266
KAZ.13_1,577807.4451410067
KAZ.14_1,1142206.2547101711
KAZ.1_1,4458381.492953578
KAZ.2_1,2135092.9654870904
KAZ.3_1,941076.9013161152
KAZ.4_1,523572.3050367031
KAZ.5_1,1380371.0391989367
KAZ.6_1,925185.2815755301
KAZ.7_1,449640.3791824882
KAZ.8_1,760339.1888847847
KAZ.9_1,1384470.7280082642
KEN.10_1,1029128.6772903274
KEN.11_1,1821730.841788116
KEN.12_1,1104212.518693665
KEN.13_1,2022035.531559847
KEN.14_1,1451854.0974145774
KEN.15_1,614657.0946922502
KEN.16_1,1393253.8959436733
KEN.17_1,1288856.6624635921
KEN.18_1,1181035.988534806
KEN.19_1,860437.3470348767
KEN.1_1,790255.5069159097
KEN.20_1,587303.5291807079
KEN.21_1,121706.87483061664
KEN.22_1,1293128.283243224
KEN.23_1,1053233.6637740918
KEN.24_1,3142878.508674926
KEN.25_1,322738.44380539155
KEN.26_1,1644535.1661749608
KEN.27_1,1185554.8947090195
KEN.28_1,1614119.9709537076
KEN.29_1,1040734.4328048945
KEN.2_1,1079998.9180559134
KEN.30_1,5984338.595581735
KEN.31_1,2767325.998146477
KEN.32_1,1113512.301163535
KEN.33_1,1285412.4022261514
KEN.34_1,699647.0560561009
KEN.35_1,664094.9043783713
KEN.36_1,757998.9859251617
KEN.37_1,323717.9309155927
KEN.38_1,1018547.599306033
KEN.39_1,382223.7035813355
KEN.3_1,2031989.9439231688
KEN.40_1,427509.34947213973
KEN.41_1,354418.5720074357
KEN.42_1,1202992.2101757564
KEN.43_1,1239312.7966451277
KEN.44_1,1467682.480503462
KEN.45_1,688640.0595282866
KEN.46_1,2027908.2275530216
KEN.47_1,775040.8049738188
KEN.4_1,954630.569576012
KEN.5_1,494661.1836020965
KEN.6_1,890238.8217857444
KEN.7_1,1858799.7122175274
KEN.8_1,1129059.3880221322
KEN.9_1,247547.98867922905
KGZ.1_1,459851.6728390737
KGZ.2_1,1384599.33843802
KGZ.3_1,802864.9272039898
KGZ.4_1,1335690.5215293956
KGZ.5_1,300432.9678194099
KGZ.6_1,424967.7069218722
KGZ.7_1,1250090.90495975
KGZ.8_1,307713.22853219137
KGZ.9_1,539199.7690146607
KHM.10_1,37587.9983356921
KHM.11_1,371883.18097112887
KHM.12_1,429763.41102575837
KHM.13_1,246293.95998162078
KHM.14_1,136618.1946286084
KHM.15_1,2025662.9584208452
KHM.16_1,2458884.722995169
KHM.17_1,354870.2777462038
KHM.18_1,259079.39221672853
KHM.19_1,755729.0368741774
KHM.1_1,754214.743010893
KHM.20_1,251138.71218164638
KHM.21_1,1141641.6667721393
KHM.22_1,148104.81049626926
KHM.23_1,392750.0092871636
KHM.24_1,753988.454442543
KHM.25_1,740388.1714001382
KHM.2_1,1640697.3912633737
KHM.3_1,740506.5060438039
KHM.4_1,450163.72181937844
KHM.5_1,742402.0520651569
KHM.6_1,592809.3642333134
KHM.7_1,560453.2740206437
KHM.8_1,1160273.5904908776
KHM.9_1,88826.04694171157
KOR.10_1,3267106.1355048437
KOR.11_1,2910504.525906621
KOR.12_1,443698.56838631956
KOR.13_1,1705542.9641793845
KOR.14_1,1450746.643077157
KOR.15_1,96246.62598199677
KOR.16_1,9884642.648900397
KOR.17_1,1068831.4128252964
KOR.1_1,3319534.2179035433
KOR.2_1,1613739.2046736171
KOR.3_1,2256605.233556416
KOR.4_1,2344301.2832799163
KOR.5_1,1565304.7332198839
KOR.6_1,1509991.367793246
KOR.7_1,1522677.9035277348
KOR.8_1,13706846.221814997
KOR.9_1,2503218.313284819
KWT.1_1,762692.9680665405
KWT.2_1,1362350.907240868
KWT.3_1,378819.1054745945
KWT.4_1,449046.4476744309
KWT.5_1,949763.6211978272
KWT.6_1,422092.3087676447
LAO.10_1,209689.4002487118
LAO.11_1,543266.2917968414
LAO.12_1,1128247.2649468477
LAO.13_1,615792.7795360013
LAO.14_1,466136.13226111303
LAO.15_1,461970.3332751639
LAO.16_1,91156.86752737552
LAO.17_1,158137.67467775472
LAO.18_1,323861.8099879967
LAO.1_1,193350.17896604922
LAO.2_1,234361.9013752262
LAO.3_1,446239.5817428406
LAO.4_1,929272.0485804201
LAO.5_1,296739.4805041123
LAO.6_1,525770.6916313976
LAO.7_1,253754.50101392544
LAO.8_1,532965.629795059
LAO.9_1,442043.6150206884
LBN.1_1,220088.1392491683
LBN.2_1,375614.22161258897
LBN.3_1,314063.78785378626
LBN.4_1,361784.8148700779
LBN.5_1,1880300.0299265098
LBN.6_1,535564.0141079392
LBN.7_1,606247.1852349093
LBN.8_1,721352.4105774538
LBR.10_1,223970.4235130679
LBR.11_1,1911738.593671493
LBR.12_1,668566.6386031089
LBR.13_1,117837.83451534808
LBR.14_1,124161.96228314377
LBR.15_1,142152.25857305527
LBR.1_1,199697.40517817065
LBR.2_1,423285.5683704568
LBR.3_1,120302.47603406757
LBR.4_1,196315.76527659968
LBR.5_1,290339.964054469
LBR.6_1,209060.2938908171
LBR.7_1,58415.395400676876
LBR.8_1,435956.6021438278
LBR.9_1,475004.11473493185
LBY.10_1,364847.47402486624
LBY.11_1,445257.99193397677
LBY.12_1,1129730.6928457865
LBY.13_1,172077.1569229965
LBY.14_1,28183.54578796774
LBY.15_1,469493.2066499848
LBY.16_1,95106.28758380096
LBY.17_1,118914.72275906196
LBY.18_1,162441.37762995996
LBY.19_1,165450.7887209528
LBY.1_1,190825.9497245797
LBY.20_1,1504718.2259115903
LBY.21_1,93860.78191180434
LBY.22_1,95696.80264181597
LBY.2_1,270577.3920593746
LBY.3_1,350110.58794242237
LBY.4_1,257466.0719116754
LBY.5_1,63339.78223580262
LBY.6_1,58935.10231890902
LBY.7_1,87612.47910793172
LBY.8_1,640971.7613010393
LBY.9_1,217249.74595510145
LCA.10_1,18458.37754318025
LCA.1_1,7719.723390832543
LCA.2_1,3106.800058078021
LCA.3_1,62737.214948192704
LCA.4_1,5477.569556306116
LCA.5_1,12545.143990808167
LCA.6_1,32581.551707940176
LCA.7_1,6128.409552936442
LCA.8_1,17549.14981382992
LCA.9_1,8820.608424164355
LKA.10_1,1364514.6651881628
LKA.11_1,1472994.0096294656
LKA.12_1,893287.5542239682
LKA.13_1,61222.039824742766
LKA.14_1,1795577.5632010745
LKA.15_1,85419.16777971375
LKA.16_1,529060.5928792192
LKA.17_1,841273.6384206777
LKA.18_1,511591.72063679434
LKA.19_1,34057.2994861747
LKA.1_1,700236.5548931689
LKA.20_1,709095.527197096
LKA.21_1,452440.8536656606
LKA.22_1,797880.6292053938
LKA.23_1,1164153.9373948956
LKA.24_1,407416.1872374728
LKA.25_1,160105.63029298856
LKA.2_1,985560.6245999781
LKA.3_1,852353.9428586191
LKA.4_1,495860.94551787036
LKA.5_1,2470039.321772803
LKA.6_1,1086830.1601084094
LKA.7_1,2518243.5913640736
LKA.8_1,676808.2618689742
LKA.9_1,592289.7710921471
LSO.10_1,162765.84374246886
LSO.1_1,350849.7337125498
LSO.2_1,138287.26110815024
LSO.3_1,359652.2867375763
LSO.4_1,217578.92836224515
LSO.5_1,560728.1376695079
LSO.6_1,191615.5062902643
LSO.7_1,155245.62486925395
LSO.8_1,89447.45922461059
LSO.9_1,152576.47929118806
LTU.10_1,826942.1341866162
LTU.1_1,123488.53074954834
LTU.2_1,513671.3162693903
LTU.3_1,299911.3810450728
LTU.4_1,136499.4344015792
LTU.5_1,200627.08845000714
LTU.6_1,245399.8408432135
LTU.7_1,76162.30603838898
LTU.8_1,125171.23834537133
LTU.9_1,115983.59073632897
LUX.1_1,99850.49738395237
LUX.2_1,76047.03181310324
LUX.3_1,486945.91690972215
LVA.1_1,227355.69708993658
LVA.2_1,254512.8143388098
LVA.3_1,891647.5467359498
LVA.4_1,186415.512692529
LVA.5_1,225115.29946886702
MAR.10_1,2368207.164197766
MAR.11_1,3072746.6403415124
MAR.12_1,4106529.179304526
MAR.13_1,1794617.111495166
MAR.14_1,3619182.802113524
MAR.15_1,1910666.0531765185
MAR.1_1,2270595.189978932
MAR.2_1,2512042.7030377435
MAR.3_1,2183308.326076772
MAR.4_1,2457568.0219531674
MAR.5_1,4867488.486867051
MAR.6_1,421394.87501171796
MAR.7_1,13647.194295801222
MAR.8_1,4145663.850643257
MAR.9_1,2683677.4598326087
MDA.10_1,628222.8025906864
MDA.11_1,57097.08824841259
MDA.12_1,40917.441069429275
MDA.13_1,25578.06267763581
MDA.14_1,86494.74138512765
MDA.15_1,30636.725895952666
MDA.16_1,66107.49962820206
MDA.17_1,78967.38770875428
MDA.18_1,94498.14492299967
MDA.19_1,97160.2820635871
MDA.1_1,80681.05424924754
MDA.20_1,50067.11653742986
MDA.21_1,114795.04562483728
MDA.22_1,104818.38671182841
MDA.23_1,43609.917989427224
MDA.24_1,45626.854834608734
MDA.25_1,39370.79484513658
MDA.26_1,90435.14153098315
MDA.27_1,37834.8700069827
MDA.28_1,51009.92921526381
MDA.29_1,75173.0622544738
MDA.2_1,66732.6968797436
MDA.30_1,33247.018243149156
MDA.31_1,79193.15524102049
MDA.32_1,56921.741349508055
MDA.33_1,67151.51425157744
MDA.34_1,36768.7067006696
MDA.35_1,59892.77013181476
MDA.36_1,337000.56143546896
MDA.37_1,89443.82184540154
MDA.3_1,15850.128602051642
MDA.4_1,78590.22692580009
MDA.5_1,64312.02095539961
MDA.6_1,159418.81979533657
MDA.7_1,56743.968176907394
MDA.8_1,54835.29295275919
MDA.9_1,61941.19177639298
MDG.1_1,9584848.40630306
MDG.2_1,2327572.426525604
MDG.3_1,6218568.2599450415
MDG.4_1,4183281.6660279264
MDG.5_1,4010625.566010438
MDG.6_1,5243715.242208846
MEX.10_1,2086916.047517253
MEX.11_1,6725667.6564119635
MEX.12_1,4078216.134248453
MEX.13_1,3612765.3598539564
MEX.14_1,8232106.350529741
MEX.15_1,16928865.22407775
MEX.16_1,5331005.708472383
MEX.17_1,2109532.0667050355
MEX.18_1,1495408.2723492617
MEX.19_1,5483359.187748289
MEX.1_1,1401005.820019132
MEX.20_1,4631180.296880218
MEX.21_1,6463298.2725757165
MEX.22_1,2317684.844118821
MEX.23_1,1662165.58275362
MEX.24_1,2920060.4944049367
MEX.25_1,3036869.813065886
MEX.26_1,3272569.2440976454
MEX.27_1,2908715.03775203
MEX.28_1,3628207.4398517874
MEX.29_1,1389751.1048407033
MEX.2_1,1157457.4652474346
MEX.30_1,8796477.384883279
MEX.31_1,2217401.3701326298
MEX.32_1,1845745.7584147707
MEX.3_1,3477257.5584863685
MEX.4_1,974992.5466382846
MEX.5_1,6327117.027177347
MEX.6_1,3635600.7817443986
MEX.7_1,3235384.349880025
MEX.8_1,848125.5091687526
MEX.9_1,7766428.028418203
MHL.10_1,258.2876396179199
MHL.11_1,0.0
MHL.12_1,194.47102714702487
MHL.13_1,4501.548848710954
MHL.14_1,365.4055223427713
MHL.15_1,219.10318756476045
MHL.16_1,108.27239866554737
MHL.17_1,161.82688808673993
MHL.18_1,196.94906136393547
MHL.19_1,284.7565650988836
MHL.1_1,577.2469448186457
MHL.20_1,140.9785766005516
MHL.21_1,1.866434931755066
MHL.22_1,24.63474236615002
MHL.23_1,333.8627189937979
MHL.2_1,10.705860525369644
MHL.3_1,778.0440377164632
MHL.4_1,169.16899126395583
MHL.5_1,276.02634636871517
MHL.6_1,272.28402134776115
MHL.7_1,56.18331375904381
MHL.8_1,820.2732459008694
MHL.9_1,6510.743348758668
MKD.10_1,42953.74040873349
MKD.11_1,7917.014021127485
MKD.12_1,45043.0942309238
MKD.13_1,6800.734993863851
MKD.14_1,7046.032026349567
MKD.15_1,18222.035691923462
MKD.16_1,20375.928718989715
MKD.17_1,4360.489141365513
MKD.18_1,16176.380447196309
MKD.19_1,8289.314036515541
MKD.1_1,77952.48396329861
MKD.20_1,4475.381070211064
MKD.21_1,14228.46416463377
MKD.23_1,90465.01875497075
MKD.24_1,22946.345960706705
MKD.25_1,46322.03173107118
MKD.26_1,84729.38957408816
MKD.27_1,3656.8032758338377
MKD.28_1,16024.848782270681
MKD.29_1,11975.85517087765
MKD.2_1,14518.95163791906
MKD.30_1,4246.5714543564245
MKD.31_1,67141.06315890048
MKD.32_1,38567.16414002096
MKD.33_1,56361.792807902675
MKD.34_1,32201.785814184695
MKD.35_1,37163.89322200511
MKD.36_1,3526.015899245627
MKD.37_1,9756.791886705905
MKD.38_1,20166.084675749764
MKD.39_1,6006.781783537939
MKD.3_1,12774.994499781169
MKD.40_1,8160.723967550322
MKD.41_1,106970.43018203788
MKD.42_1,4192.9835570678115
MKD.43_1,31059.08275945764
MKD.44_1,2493.1886027697474
MKD.45_1,7535.234323020093
MKD.46_1,6486.174603600055
MKD.47_1,9239.5839835722
MKD.48_1,6152.64834757708
MKD.49_1,18688.33305069385
MKD.4_1,89586.21518419683
MKD.50_1,3256.3562769070268
MKD.51_1,11338.83944826154
MKD.52_1,50812.94257718697
MKD.54_1,4956.799296530895
MKD.55_1,9395.717320375144
MKD.56_1,4654.334799045697
MKD.57_1,75450.01066296222
MKD.58_1,14890.844714698382
MKD.59_1,28720.153387791943
MKD.5_1,8508.097988055088
MKD.60_1,3674.3716719932854
MKD.61_1,15398.831170955207
MKD.62_1,4015.3777258265764
MKD.63_1,43281.50291496888
MKD.64_1,12231.326097525656
MKD.65_1,3298.896120515652
MKD.66_1,4224.6509724962525
MKD.67_1,47236.31841513747
MKD.68_1,63107.71506687347
MKD.69_1,52474.651559709106
MKD.6_1,31031.917439959012
MKD.70_1,16820.725272294134
MKD.71_1,14595.089887752663
MKD.72_1,17470.633709602058
MKD.73_1,23428.079515633173
MKD.74_1,92661.57512945682
MKD.75_1,11709.149397759233
MKD.76_1,12695.04733165307
MKD.77_1,54784.57476897817
MKD.78_1,2286.823620826006
MKD.79_1,18758.33864429826
MKD.7_1,18225.868202945217
MKD.81_1,29819.970401873812
MKD.83_1,5061.770496506244
MKD.84_1,28916.86154557392
MKD.85_1,2706.734615586698
MKD.8_1,18103.242888781242
MKD.9_1,78972.27715740423
MLI.1_1,3221320.0041467026
MLI.2_1,1006688.1964429719
MLI.3_1,3250767.3441739185
MLI.4_1,144362.084069849
MLI.5_1,4537075.55653459
MLI.6_1,3120929.5748323333
MLI.7_1,3646007.8076160294
MLI.8_1,4605847.474223053
MLI.9_1,1224078.2286173673
MLT.1_1,124999.57428887859
MLT.2_1,32725.582805361133
MLT.3_1,118835.39831081592
MLT.4_1,127395.94430773566
MLT.5_1,114258.25594109623
MMR.10_1,272270.4453836209
MMR.11_1,1743445.2128564082
MMR.12_1,5973707.101103984
MMR.13_1,7572707.956218094
MMR.14_1,1443188.730182304
MMR.15_1,9040778.946462281
MMR.1_1,6275278.357174322
MMR.2_1,5191554.868098583
MMR.3_1,604579.0329434611
MMR.4_1,2228822.473014133
MMR.5_1,323953.7650667615
MMR.6_1,1621914.756886065
MMR.7_1,3753529.767863517
MMR.8_1,6987393.811868958
MMR.9_1,1867518.9161413908
MNE.10_1,19105.35656374786
MNE.11_1,6782.873415399343
MNE.12_1,69034.97195047233
MNE.13_1,12215.127172712237
MNE.14_1,24197.309949877672
MNE.15_1,2096.333110667765
MNE.16_1,221186.1790928319
MNE.17_1,23489.031208407134
MNE.18_1,1173.6414384078234
MNE.19_1,13015.53432072699
MNE.1_1,3108.3767937645316
MNE.20_1,19948.997912586667
MNE.21_1,2776.2389937611297
MNE.2_1,41136.07503727358
MNE.3_1,31184.207562418655
MNE.4_1,29332.614872453734
MNE.5_1,21693.04685771186
MNE.6_1,14138.914832158014
MNE.7_1,22332.49368982762
MNE.8_1,25011.496086929925
MNE.9_1,6403.051653362811
MNG.10_1,51287.308597632684
MNG.11_1,17857.92612362653
MNG.12_1,72043.41385492316
MNG.13_1,66631.3816649603
MNG.14_1,118100.2797255436
MNG.15_1,108235.06840504147
MNG.16_1,124670.77077185363
MNG.17_1,107531.48593294807
MNG.18_1,112234.60546566267
MNG.19_1,55378.90104621113
MNG.1_1,85084.13040201212
MNG.20_1,89282.93860403169
MNG.21_1,1886423.3845746922
MNG.22_1,57402.968021063134
MNG.2_1,96138.8099515643
MNG.3_1,79938.84160296898
MNG.4_1,53478.551778824534
MNG.5_1,108406.3676096187
MNG.6_1,78479.51192420535
MNG.7_1,81546.93218271516
MNG.8_1,31717.168714700732
MNG.9_1,50838.23723124154
MNP.1_1,0.0
MNP.2_1,1943.5367541694359
MNP.3_1,43075.484605310834
MNP.4_1,2944.106866933871
MOZ.10_1,4297624.796731647
MOZ.11_1,6680845.017784723
MOZ.1_1,2379363.304289889
MOZ.2_1,1606351.6059902946
MOZ.3_1,1600732.369360096
MOZ.4_1,2813422.4124625204
MOZ.5_1,3350103.9672240005
MOZ.6_1,946148.1899432719
MOZ.7_1,6731781.096217405
MOZ.8_1,2563966.3400631933
MOZ.9_1,2781840.586528781
MRT.10_1,1654490.685073381
MRT.11_1,88476.54414121341
MRT.12_1,67340.4790956704
MRT.13_1,269951.0933839523
MRT.1_1,64398.807547899894
MRT.2_1,442651.86678981874
MRT.3_1,415477.9799293615
MRT.4_1,195136.58285705413
MRT.5_1,441254.0332970079
MRT.6_1,375771.67039670516
MRT.7_1,680065.8087459393
MRT.8_1,396488.5421019988
MRT.9_1,32062.848541299667
MSR.1_1,0.0003223816165700555
MSR.2_1,0.0
MSR.3_1,4184.390726979589
MTQ.1_1,136569.53953362722
MTQ.2_1,111292.96983515657
MTQ.3_1,75662.52310799435
MTQ.4_1,20139.370379545726
MUS.10_1,39409.44695984572
MUS.11_1,0.0
MUS.12_1,69853.49712384515
MUS.1_1,131.6246256902814
MUS.2_1,82678.62959269364
MUS.3_1,140482.2679267982
MUS.4_1,112701.60794704244
MUS.5_1,87905.50887258118
MUS.6_1,142946.7389421136
MUS.7_1,379064.60455443244
MUS.8_1,111809.03560646996
MUS.9_1,109379.53420548793
MWI.10_1,13947.087020922452
MWI.11_1,3564466.122747353
MWI.12_1,865990.5646532429
MWI.13_1,1333501.3753159428
MWI.14_1,834825.4106166088
MWI.15_1,794927.8083128319
MWI.16_1,182062.46523791295
MWI.17_1,1566400.9876395022
MWI.18_1,204181.49125021987
MWI.19_1,367490.82312003674
MWI.1_1,502022.98542873084
MWI.20_1,503653.98464767146
MWI.21_1,366245.8485156107
MWI.22_1,758948.7738814862
MWI.23_1,381777.7605698735
MWI.24_1,484606.128042135
MWI.25_1,278772.7030513646
MWI.26_1,609809.2726368222
MWI.27_1,972243.0255552983
MWI.28_1,985667.9615525901
MWI.2_1,1452027.686597146
MWI.3_1,672722.4350251383
MWI.4_1,426662.9891549754
MWI.5_1,328449.4218764021
MWI.6_1,1030401.1950015244
MWI.7_1,994240.6483955942
MWI.8_1,475544.68325380306
MWI.9_1,1047145.9025550872
MYS.10_1,233753.21309928503
MYS.11_1,1748699.646831048
MYS.12_1,81024.97243501246
MYS.13_1,4025962.5275714057
MYS.14_1,2768035.965323479
MYS.15_1,7916339.864688488
MYS.16_1,1109308.6263481765
MYS.1_1,4022829.8371941773
MYS.2_1,2155695.2300779545
MYS.3_1,1615466.2137244912
MYS.4_1,2453287.634886113
MYS.5_1,85806.35387049429
MYS.6_1,981127.1233388367
MYS.7_1,1086078.6231256227
MYS.8_1,1701241.352262475
MYS.9_1,2690092.0783555647
MYT.10_1,51816.19580806419
MYT.11_1,8638.590542390943
MYT.12_1,88431.9710085392
MYT.13_1,9224.179444819689
MYT.14_1,21700.341976413503
MYT.15_1,19591.223044274375
MYT.16_1,10565.311706608161
MYT.17_1,16820.029396111146
MYT.1_1,4879.635890830308
MYT.2_1,16439.71409554407
MYT.3_1,11586.725412130356
MYT.4_1,9035.27765892446
MYT.5_1,7902.790515376255
MYT.6_1,13615.75246558711
MYT.7_1,18347.96556236036
MYT.8_1,23854.941532468423
MYT.9_1,5879.094669917598
NAM.10_1,212199.51443074923
NAM.11_1,230513.16004485078
NAM.12_1,164345.36001464116
NAM.13_1,122691.72751911764
NAM.1_1,106809.78787334515
NAM.2_1,238022.8420023984
NAM.3_1,104313.12551529612
NAM.4_1,264754.2505047707
NAM.5_1,475186.0075405594
NAM.6_1,121341.58675774082
NAM.7_1,285111.20527096314
NAM.8_1,81154.72662176087
NAM.9_1,284832.4620481614
NCL.1_1,6162.8718460109085
NCL.2_1,37526.498576442944
NCL.3_1,242409.74144997634
NER.1_1,815760.2856561039
NER.2_1,1137953.5127412677
NER.3_1,3036320.4606719445
NER.4_1,5569449.624267392
NER.5_1,1603316.2777529582
NER.6_1,6266797.854378616
NER.7_1,4309083.279363949
NER.8_1,6587376.812696345
NGA.10_1,7213206.70547231
NGA.11_1,3793219.619294503
NGA.12_1,5093643.045715948
NGA.13_1,4074093.173992903
NGA.14_1,5376793.1477498785
NGA.15_1,3288739.7617899883
NGA.16_1,4008395.4732753374
NGA.17_1,6503718.823150294
NGA.18_1,6911330.67841349
NGA.19_1,9501853.114656422
NGA.1_1,5043370.923033165
NGA.20_1,15767836.12957974
NGA.21_1,9396830.2974261
NGA.22_1,5387188.65097524
NGA.23_1,5883562.395519383
NGA.24_1,3787420.340117071
NGA.25_1,12940323.645367604
NGA.26_1,3000225.0905405944
NGA.27_1,6689703.961934737
NGA.28_1,6270346.161094679
NGA.29_1,5500443.505154969
NGA.2_1,5046844.73656432
NGA.30_1,5698302.961270608
NGA.31_1,9375297.727927746
NGA.32_1,5119615.978087763
NGA.33_1,9865946.059154259
NGA.34_1,6098452.970135848
NGA.35_1,3629613.246264808
NGA.36_1,4082311.927623928
NGA.37_1,5368823.726982731
NGA.3_1,7273714.263940394
NGA.4_1,7764144.974233631
NGA.5_1,7923571.260326523
NGA.6_1,2775748.428040214
NGA.7_1,6884926.319665014
NGA.8_1,7063338.63406442
NGA.9_1,4514390.440760801
NIC.10_1,27494.21514668595
NIC.11_1,387714.37404865073
NIC.12_1,186233.23566547595
NIC.13_1,1823341.796270269
NIC.14_1,383586.4228137322
NIC.15_1,724193.2932306137
NIC.16_1,305460.51069419086
NIC.17_1,157766.25402432494
NIC.18_1,158862.30176264234
NIC.1_1,635152.9322709097
NIC.2_1,379955.50890480727
NIC.3_1,179747.16099379864
NIC.4_1,195588.2239483567
NIC.5_1,424476.25385660864
NIC.6_1,166193.54292407073
NIC.7_1,259164.59604522493
NIC.8_1,185750.243597975
NIC.9_1,611149.3820712967
NLD.10_1,1197292.135327368
NLD.11_1,1454845.581984016
NLD.12_1,376452.1938475196
NLD.13_1,6550.233348701149
NLD.14_1,3706598.5534328925
NLD.1_1,514255.96915363544
NLD.2_1,463225.6431225403
NLD.3_1,672746.3873266529
NLD.4_1,2118791.127058206
NLD.5_1,562407.0167607171
NLD.6_1,16235.312289763708
NLD.7_1,1078145.2089251047
NLD.8_1,2601871.651990262
NLD.9_1,2920215.0845822226
NOR.10_1,210754.952347334
NOR.11_1,190987.92891570786
NOR.12_1,709434.6474516336
NOR.13_1,496722.80440858775
NOR.14_1,90891.86864681728
NOR.15_1,313623.6094687125
NOR.16_1,169573.31645385642
NOR.17_1,132206.2075737696
NOR.18_1,183106.18251713645
NOR.19_1,251276.95935323648
NOR.1_1,641131.3184371972
NOR.2_1,303501.00096384063
NOR.3_1,114467.37228985596
NOR.4_1,283681.5603868677
NOR.5_1,64022.34857555851
NOR.6_1,194728.7063289471
NOR.7_1,509319.4362552543
NOR.8_1,224087.2564001549
NOR.9_1,128937.67219148017
NPL.1_1,12538636.382546227
NPL.2_1,7084799.821327122
NPL.3_1,4091368.089185896
NPL.4_1,3159807.300768331
NPL.5_1,4683429.771143005
NZL.10_1,0.0
NZL.11_1,162491.84253088315
NZL.12_1,222267.9991420118
NZL.13_1,0.0
NZL.14_1,107752.60178192175
NZL.15_1,130123.98098607453
NZL.16_1,53220.826854058076
NZL.17_1,485274.6440619017
NZL.18_1,553060.6469214534
NZL.19_1,32572.39040431846
NZL.1_1,1830943.8115538356
NZL.2_1,301880.10058932815
NZL.3_1,685207.367155719
NZL.4_1,570.4205440361984
NZL.5_1,45509.575875085364
NZL.6_1,172415.7127268482
NZL.7_1,250328.02369212656
NZL.8_1,47847.92531973031
NZL.9_1,55386.35532579725
OMN.10_1,31901.43254741677
OMN.11_1,1676762.6801410115
OMN.1_1,361672.8917816428
OMN.2_1,984567.1701104827
OMN.3_1,505977.6111070656
OMN.4_1,83574.75848312603
OMN.5_1,222770.54986958654
OMN.6_1,80126.5417945704
OMN.7_1,145104.5703078902
OMN.8_1,112178.05625810823
OMN.9_1,550641.2744777782
PAK.2_1,8293510.665224444
PAK.3_1,4874774.955470554
PAK.4_1,3017064.7095038947
PAK.5_1,34755602.08417793
PAK.7_1,136069717.69575763
PAK.8_1,57723443.61687132
PAN.10_1,234181.58832519408
PAN.11_1,640978.9078872174
PAN.12_1,1817684.777193216
PAN.13_1,241439.80876522022
PAN.1_1,177606.65442900173
PAN.2_1,495392.038542683
PAN.3_1,271621.7905333922
PAN.4_1,318970.159404567
PAN.5_1,58849.5248210663
PAN.6_1,11271.84230090119
PAN.7_1,115301.87073963974
PAN.8_1,12993.12044512853
PAN.9_1,93441.38968349202
PER.10_1,893794.7714330018
PER.11_1,855698.6010986352
PER.12_1,1604509.9396688999
PER.13_1,2120862.548322801
PER.14_1,1359543.7773592267
PER.15_1,10408405.36823197
PER.16_1,1045549.7234862994
PER.17_1,1166111.6373247132
PER.18_1,181930.1035425756
PER.19_1,199763.19265949912
PER.1_1,412368.0249477215
PER.20_1,347151.6423277422
PER.21_1,2042978.8370805108
PER.22_1,1552841.537081651
PER.23_1,1007622.7045790441
PER.24_1,405312.0165783912
PER.25_1,246197.5209253719
PER.26_1,474337.5113540216
PER.2_1,1147550.74685254
PER.3_1,410952.8556423262
PER.4_1,1514669.389796514
PER.5_1,787353.2511652554
PER.6_1,1561280.922083214
PER.7_1,1131625.273727391
PER.8_1,1368352.070314705
PER.9_1,540250.7742375061
PHL.10_1,812254.9225075621
PHL.11_1,18057.19282567571
PHL.12_1,3181346.7528684074
PHL.13_1,1039855.2278611325
PHL.14_1,194098.93357451353
PHL.15_1,1321666.6570501607
PHL.16_1,2046047.9032831592
PHL.17_1,3821913.5848781522
PHL.18_1,1428973.485051196
PHL.19_1,677176.254108575
PHL.1_1,265223.21726194257
PHL.20_1,2557605.342158125
PHL.21_1,86010.25578274392
PHL.22_1,809473.4389185179
PHL.23_1,291846.44063281803
PHL.24_1,4244932.88197413
PHL.25_1,5427648.025802651
PHL.26_1,1011824.526038941
PHL.27_1,1608972.181451839
PHL.28_1,3200966.4368346585
PHL.29_1,670986.9707457135
PHL.2_1,850339.482296363
PHL.30_1,135301.63846316887
PHL.31_1,527821.0364980922
PHL.32_1,226152.38097426854
PHL.33_1,257028.76158166863
PHL.34_1,691449.5170456693
PHL.35_1,796044.6683971998
PHL.36_1,2895402.139722991
PHL.37_1,2064298.1003207578
PHL.38_1,338797.16731441277
PHL.39_1,845968.6368647525
PHL.3_1,968827.5014984198
PHL.40_1,4044246.271908454
PHL.41_1,1478413.0361136068
PHL.42_1,592925.0490981183
PHL.43_1,2056698.6834505852
PHL.44_1,817322.9787806392
PHL.45_1,210044.96120097954
PHL.46_1,1073423.6704513673
PHL.47_1,13328073.714342955
PHL.48_1,739797.0403117561
PHL.49_1,1964423.8089122525
PHL.4_1,663350.1890118187
PHL.50_1,191708.74352090433
PHL.51_1,3165915.0742080174
PHL.52_1,1570169.2020812626
PHL.53_1,1939571.2009868384
PHL.54_1,748102.7033687414
PHL.55_1,2684704.842784165
PHL.56_1,572626.6316963502
PHL.57_1,576107.1391567867
PHL.58_1,1069800.729993849
PHL.59_1,1503504.2504681607
PHL.5_1,1437778.476189699
PHL.60_1,3208180.1820866885
PHL.61_1,3609690.356341493
PHL.62_1,2474431.689807404
PHL.63_1,262982.8371337401
PHL.64_1,3430506.2283494384
PHL.65_1,264927.06975756865
PHL.66_1,851833.7482441941
PHL.67_1,598623.7620742875
PHL.68_1,104743.70808407012
PHL.69_1,835811.153930733
PHL.6_1,647589.6929271163
PHL.70_1,1782735.8257588353
PHL.71_1,385685.2090557013
PHL.72_1,1205265.3310980243
PHL.73_1,286950.8961893035
PHL.74_1,565270.1588279468
PHL.75_1,608945.7697205395
PHL.76_1,1469521.9397085293
PHL.77_1,107833.39219289538
PHL.78_1,966281.681526511
PHL.79_1,1221126.5608521276
PHL.7_1,173712.5083805425
PHL.80_1,2031535.4785569068
PHL.81_1,796342.2678247716
PHL.8_1,272615.5655128341
PHL.9_1,89765.243043939
PNG.10_1,712819.7764459178
PNG.11_1,641958.2950917743
PNG.12_1,42519.40047028102
PNG.13_1,298506.81246079877
PNG.14_1,790505.9704897059
PNG.15_1,530340.9059687592
PNG.16_1,178835.52896625176
PNG.17_1,244173.12460953742
PNG.18_1,280579.34418934584
PNG.19_1,803998.6466851905
PNG.1_1,295861.44787406176
PNG.20_1,302951.95249230973
PNG.21_1,532431.7182732634
PNG.22_1,212692.99828661233
PNG.2_1,291627.4482091665
PNG.3_1,696013.0690725148
PNG.4_1,323556.97181433067
PNG.5_1,570373.7243172526
PNG.6_1,840496.6558450088
PNG.7_1,768176.2107746676
PNG.8_1,133788.39696090668
PNG.9_1,766326.7148319185
POL.10_1,1223605.2017438633
POL.11_1,2447200.1774851903
POL.12_1,4543525.713804832
POL.13_1,1268170.4283476004
POL.14_1,1499791.7190255579
POL.15_1,3620708.4770051576
POL.16_1,1759074.5464602972
POL.1_1,2977736.155933118
POL.2_1,2159064.094088197
POL.3_1,2470130.7274080142
POL.4_1,2159854.61938738
POL.5_1,1095810.4619193918
POL.6_1,3512095.078244305
POL.7_1,5696129.781825652
POL.8_1,956386.9124049162
POL.9_1,2181313.0099268337
PRI.10_1,28709.294169716246
PRI.11_1,166619.3134681235
PRI.12_1,54214.929877837625
PRI.13_1,125060.93947791867
PRI.14_1,30883.457361021545
PRI.15_1,46529.343472577515
PRI.16_1,144038.3202161212
PRI.17_1,24531.277359519983
PRI.18_1,43850.23428722142
PRI.19_1,8640.062012811848
PRI.1_1,19798.086676933395
PRI.20_1,14745.745865586767
PRI.21_1,38391.04795547837
PRI.22_1,43542.211191531314
PRI.23_1,18076.40175103559
PRI.24_1,32578.485272622085
PRI.25_1,1593.4960536964645
PRI.26_1,37103.2676750757
PRI.27_1,27427.770336354064
PRI.28_1,11649.324494656175
PRI.29_1,15770.787744118366
PRI.2_1,40343.817750106
PRI.30_1,46461.03183369714
PRI.31_1,19298.472931605298
PRI.32_1,81946.58592049366
PRI.33_1,55080.5372787707
PRI.34_1,39574.853793862625
PRI.35_1,16930.994709167964
PRI.36_1,48860.08882413745
PRI.37_1,42134.55177507366
PRI.38_1,15204.725119029637
PRI.39_1,42450.14043350259
PRI.3_1,46679.12594252967
PRI.40_1,41162.183407317876
PRI.41_1,23859.082533489753
PRI.42_1,24802.566521736982
PRI.43_1,8213.576226502773
PRI.44_1,39224.442871486186
PRI.45_1,23013.846870209207
PRI.46_1,17207.203702839004
PRI.47_1,37541.25862429432
PRI.48_1,5782.576255305437
PRI.49_1,10789.752305823611
PRI.4_1,25419.02692260954
PRI.50_1,70276.47475968058
PRI.51_1,39355.22761080618
PRI.52_1,32421.356775888125
PRI.53_1,27427.523303587397
PRI.54_1,26083.710128480336
PRI.55_1,20037.15787137614
PRI.56_1,16874.45443879903
PRI.57_1,20181.911817456712
PRI.58_1,138598.95909296535
PRI.59_1,22614.61882906058
PRI.5_1,22050.26025120767
PRI.60_1,14813.884519991
PRI.61_1,49701.17675631121
PRI.62_1,23984.380105116696
PRI.63_1,30116.620585714176
PRI.64_1,33220.7315062398
PRI.65_1,293466.0077381056
PRI.66_1,35995.57315363307
PRI.67_1,38972.56392861728
PRI.68_1,23153.32909980137
PRI.69_1,78778.55727570927
PRI.6_1,29613.058662099473
PRI.70_1,71615.70451744077
PRI.71_1,69417.44393420714
PRI.72_1,29925.793270097784
PRI.73_1,38693.73884451357
PRI.74_1,49067.59606446042
PRI.75_1,9019.612460868026
PRI.76_1,20791.76877447861
PRI.77_1,31156.59140023112
PRI.78_1,34698.91822722176
PRI.7_1,81252.23111958947
PRI.8_1,18348.6481986047
PRI.9_1,22319.216282422552
PRT.10_1,125232.94236338371
PRT.11_1,428351.764957313
PRT.12_1,2414493.085552004
PRT.13_1,253336.35307938882
PRT.14_1,96674.76500385105
PRT.15_1,1818257.7101723324
PRT.16_1,401798.5937276894
PRT.17_1,922724.9026251942
PRT.18_1,214252.62018114745
PRT.19_1,166336.69921906086
PRT.1_1,610554.6791525781
PRT.20_1,325032.3824199811
PRT.2_1,209220.30962961906
PRT.3_1,126888.99812774034
PRT.4_1,748463.4116516577
PRT.5_1,109591.24533855797
PRT.6_1,162876.49260171052
PRT.7_1,369799.7173580341
PRT.8_1,142342.1270719688
PRT.9_1,465267.6563412425
PRY.10_1,315825.6166220596
PRY.11_1,372176.85466009844
PRY.12_1,274426.423333684
PRY.13_1,769806.8968023742
PRY.14_1,150909.54621667834
PRY.15_1,90130.28279388789
PRY.16_1,144243.52823257842
PRY.17_1,166760.4734300275
PRY.18_1,540599.022509024
PRY.1_1,23032.731201371644
PRY.2_1,954571.4482700969
PRY.3_1,215833.451015051
PRY.4_1,276548.90168002364
PRY.5_1,91185.85249766358
PRY.6_1,696011.3842347506
PRY.7_1,235846.05023253243
PRY.8_1,328062.52536721854
PRY.9_1,1365635.9534435251
PYF.1_1,5154.633742380422
PYF.2_1,209078.91507959086
PYF.3_1,6729.7728995177895
PYF.4_1,29311.527012666687
PYF.5_1,7627.446649629251
QAT.1_1,1150826.8544581686
QAT.2_1,37826.67423806328
QAT.3_1,291373.72541029984
QAT.4_1,216970.559454476
QAT.5_1,960984.0399812923
QAT.6_1,9852.637756167445
QAT.7_1,76988.13754398655
REU.1_1,139987.39312227117
REU.2_1,325375.8700726668
REU.3_1,196838.98705757456
REU.4_1,318716.1637193854
ROU.10_1,1873528.7094922436
ROU.11_1,431453.9368562964
ROU.12_1,283304.27652635286
ROU.13_1,261080.526699753
ROU.14_1,715245.0471869507
ROU.15_1,644751.1535299139
ROU.16_1,202749.56347511942
ROU.17_1,499837.0825183955
ROU.18_1,633871.7990676113
ROU.19_1,513034.0062650619
ROU.1_1,331247.12884435477
ROU.20_1,273844.5714142156
ROU.21_1,323728.94205808826
ROU.22_1,304970.424212059
ROU.23_1,371512.8901860332
ROU.24_1,761473.2509602662
ROU.25_1,264062.65962343756
ROU.26_1,462365.46531958063
ROU.27_1,468731.81816719146
ROU.28_1,243475.73450648994
ROU.29_1,541434.6344334786
ROU.2_1,418612.12792314007
ROU.30_1,430589.2343699378
ROU.31_1,402018.72916052816
ROU.32_1,733458.892235759
ROU.33_1,214940.35374698532
ROU.34_1,336662.93110222695
ROU.35_1,388539.50439036684
ROU.36_1,602835.700114425
ROU.37_1,363472.8104129515
ROU.38_1,704218.78016787
ROU.39_1,164722.0938744722
ROU.3_1,592633.4744204944
ROU.40_1,340377.70293517597
ROU.41_1,344009.87027354864
ROU.42_1,317422.01952978154
ROU.4_1,573728.426943433
ROU.5_1,574250.6615861754
ROU.6_1,277826.03914758516
ROU.7_1,385755.371691464
ROU.8_1,548071.555892569
ROU.9_1,300593.42930461257
RUS.10_1,1502995.8575267845
RUS.11_1,3375628.4020831552
RUS.12_1,36436.64993251674
RUS.13_1,1209331.8177751012
RUS.14_1,5299495.769649861
RUS.15_1,3435876.9695180166
RUS.16_1,220181.32250409853
RUS.17_1,506382.59586438094
RUS.18_1,2283823.363143982
RUS.19_1,992630.1326724342
RUS.1_1,524821.1893673395
RUS.20_1,808395.2066344433
RUS.21_1,983755.5341625323
RUS.22_1,292750.691084028
RUS.23_1,1056047.2975724875
RUS.24_1,287095.17742383154
RUS.25_1,687974.2397377067
RUS.26_1,566593.0640735114
RUS.27_1,2581270.2777189054
RUS.28_1,1281497.2994272818
RUS.29_1,331448.0530982828
RUS.2_1,2178927.1686085355
RUS.30_1,1695318.2906110426
RUS.31_1,1110222.4212534344
RUS.32_1,738165.0398391513
RUS.33_1,597051.002337161
RUS.34_1,5450553.251284076
RUS.35_1,2833120.7815834023
RUS.36_1,756995.7536442366
RUS.37_1,1032876.1658887377
RUS.38_1,2247651.3132575983
RUS.39_1,1107680.234196502
RUS.3_1,754892.1217440561
RUS.40_1,115381.88576564193
RUS.41_1,693263.4125179793
RUS.42_1,817709.5632397605
RUS.43_1,11753371.551989183
RUS.44_1,9348461.829039592
RUS.45_1,667859.213175334
RUS.46_1,36817.1741674263
RUS.47_1,3119750.6886573494
RUS.48_1,667522.1415709499
RUS.49_1,564006.9307679124
RUS.4_1,1010500.6122974316
RUS.50_1,2810497.654231497
RUS.51_1,1824927.353470369
RUS.52_1,704004.8090999909
RUS.53_1,1847658.669423548
RUS.54_1,1293959.4350641565
RUS.55_1,2466070.0268459925
RUS.56_1,1817285.921622515
RUS.57_1,548605.7530448949
RUS.58_1,4054399.096697952
RUS.59_1,1065420.3048411384
RUS.5_1,1025892.138556541
RUS.60_1,907560.4589651772
RUS.61_1,413724.38605016377
RUS.62_1,3143657.0426849383
RUS.63_1,2376202.2701567356
RUS.64_1,899150.023541173
RUS.65_1,2829292.3120087865
RUS.66_1,4136590.4573055925
RUS.67_1,1000493.3887027097
RUS.68_1,3992151.2987050014
RUS.69_1,1077312.282865782
RUS.6_1,4168462.594459495
RUS.70_1,1287437.0750826346
RUS.71_1,318061.8090961864
RUS.72_1,1241314.107200292
RUS.73_1,1611372.9814504143
RUS.74_1,1478302.7592470997
RUS.75_1,1212638.3249297596
RUS.76_1,1279917.6376955188
RUS.77_1,2471536.452943925
RUS.78_1,1114684.057799885
RUS.79_1,2315380.281678437
RUS.7_1,1630508.2220431825
RUS.80_1,570088.7008675914
RUS.81_1,1206519.9471969744
RUS.82_1,153012.5959911392
RUS.83_1,1076655.8994074957
RUS.8_1,1145348.5205164056
RUS.9_1,927360.0562850405
RWA.1_1,1927663.554805527
RWA.2_1,3396222.539710629
RWA.3_1,4405994.934358519
RWA.4_1,3075230.8333629263
RWA.5_1,1904895.6394088278
SAU.10_1,1392911.293643807
SAU.11_1,10174350.323476039
SAU.12_1,778802.7551994986
SAU.13_1,1082899.7369931955
SAU.1_1,2139125.733748514
SAU.2_1,404495.9155421667
SAU.3_1,417048.33314744197
SAU.4_1,487090.90182001935
SAU.5_1,2555135.63981663
SAU.6_1,1382342.4311911573
SAU.7_1,10795628.801183555
SAU.8_1,3692617.9120749566
SAU.9_1,575277.9054839639
SDN.10_1,1045346.1190359676
SDN.11_1,2814169.837980169
SDN.12_1,1761790.2460800777
SDN.13_1,2038477.0578649668
SDN.14_1,5737756.973090218
SDN.15_1,961633.4909054264
SDN.16_1,824117.8820538912
SDN.17_1,2065984.9786322275
SDN.18_1,2830277.8964396836
SDN.1_1,4699748.740379598
SDN.2_1,1977914.9644903345
SDN.3_1,1400230.7814231077
SDN.4_1,688940.8899597181
SDN.5_1,2832128.006891746
SDN.6_1,2555026.936909871
SDN.7_1,8778633.100221362
SDN.8_1,4289905.844192872
SDN.9_1,3322166.4274050468
SEN.10_1,1247014.1841255343
SEN.11_1,641303.3911290783
SEN.12_1,969367.3606398581
SEN.13_1,2469683.091597587
SEN.14_1,768579.2374909678
SEN.1_1,4037724.2384935785
SEN.2_1,2104026.706755844
SEN.3_1,986962.5321247056
SEN.4_1,800253.0075687086
SEN.5_1,1358668.6929719672
SEN.6_1,219035.92086564377
SEN.7_1,933853.277198324
SEN.8_1,1209132.4801903544
SEN.9_1,805625.7450877018
SGP.1_1,1167034.4487770642
SGP.2_1,928276.9278385149
SGP.3_1,995725.8494684817
SGP.4_1,1587392.8654480558
SGP.5_1,1364335.355042276
SHN.1_1,960.7366767581552
SHN.2_1,3869.163528861478
SHN.3_1,202.79676372930408
SJM.1_1,42.19044864177704
SJM.2_1,2985.0001409500837
SLB.10_1,72821.99244340602
SLB.1_1,22817.994006104767
SLB.2_1,27588.469276141375
SLB.3_1,166529.5352171918
SLB.4_1,111144.4370184862
SLB.5_1,30488.524505222216
SLB.6_1,50765.83795429766
SLB.7_1,142818.910786696
SLB.8_1,4417.518371034414
SLB.9_1,18284.67228038865
SLE.1_1,1877176.1984969694
SLE.2_1,3028166.6878989264
SLE.3_1,2020982.6466967706
SLE.4_1,2170112.0912328763
SLV.10_1,1639467.1757837737
SLV.11_1,180091.29678224307
SLV.12_1,587226.4088838357
SLV.13_1,522974.65071120486
SLV.14_1,373340.8680671421
SLV.1_1,395283.24617222603
SLV.2_1,156015.69391611125
SLV.3_1,208186.2126537772
SLV.4_1,296760.01359415473
SLV.5_1,816827.8804974249
SLV.6_1,373555.19840874244
SLV.7_1,215138.1158379293
SLV.8_1,182794.4621044388
SLV.9_1,449109.4984325245
SOM.10_1,939243.5430501737
SOM.11_1,690418.0265358165
SOM.12_1,236254.78730257042
SOM.13_1,571180.0334389023
SOM.14_1,1335480.5077135414
SOM.15_1,2947220.7388138836
SOM.16_1,286174.43732651323
SOM.17_1,866469.983460011
SOM.18_1,1939257.490073217
SOM.1_1,575315.8728290051
SOM.2_1,586105.8573721386
SOM.3_1,3969348.886410212
SOM.4_1,709412.1579122283
SOM.5_1,1179380.1592673026
SOM.6_1,629303.0951085445
SOM.7_1,619927.063891978
SOM.8_1,626661.7198910676
SOM.9_1,453845.03526751325
SRB.10_1,402246.8132866933
SRB.11_1,152224.22890185443
SRB.12_1,75050.77160264464
SRB.13_1,177327.9457115971
SRB.14_1,195142.09364616114
SRB.15_1,219391.66822018306
SRB.16_1,339046.4460290584
SRB.17_1,176042.65883352165
SRB.18_1,122843.62300033029
SRB.19_1,180481.00239610998
SRB.1_1,99724.32058476028
SRB.20_1,326552.6609519654
SRB.21_1,294583.548503089
SRB.22_1,76729.45871552045
SRB.23_1,96150.77352965728
SRB.24_1,158049.6502073647
SRB.25_1,252858.66221305553
SRB.2_1,164475.13961254212
SRB.3_1,1869117.3155118036
SRB.4_1,186744.2534460948
SRB.5_1,662500.4631490032
SRB.6_1,312761.9928925281
SRB.7_1,153290.37530910253
SRB.8_1,206554.31119065243
SRB.9_1,204285.9114431399
SSD.10_1,546350.9377904069
SSD.1_1,1104380.0903465752
SSD.2_1,5548292.686398617
SSD.3_1,1154055.5089929244
SSD.4_1,480354.12979865447
SSD.5_1,435654.6888446938
SSD.6_1,562770.349637853
SSD.7_1,893331.8526787786
SSD.8_1,614303.3358414313
SSD.9_1,119633.02179635689
STP.1_1,8134.971429824829
STP.2_1,211742.8485591486
SUR.10_1,175625.17202073825
SUR.1_1,11386.787504536565
SUR.2_1,50867.916206661146
SUR.3_1,15685.791896495037
SUR.4_1,18618.626549627632
SUR.5_1,31811.134337208
SUR.6_1,41965.07518685283
SUR.7_1,235245.0734199349
SUR.8_1,18087.277331631398
SUR.9_1,41483.830891301855
SVK.1_1,685713.9462771986
SVK.2_1,654989.735024393
SVK.3_1,848784.0481568616
SVK.4_1,683640.2451976452
SVK.5_1,873489.4954205645
SVK.6_1,600446.5610381362
SVK.7_1,579088.8215650576
SVK.8_1,709065.3027030395
SVN.10_1,260361.25293893623
SVN.11_1,67198.63889580357
SVN.12_1,39472.35488414252
SVN.1_1,204296.91159088633
SVN.2_1,94610.34459099066
SVN.3_1,146391.84562305314
SVN.4_1,67668.48464093846
SVN.5_1,52425.925259873475
SVN.6_1,118422.38298001103
SVN.7_1,609030.3051244619
SVN.8_1,315049.0826874927
SVN.9_1,105041.68873214233
SWE.10_1,225610.12807711633
SWE.11_1,300131.6200505947
SWE.12_1,481253.9441044112
SWE.13_1,1468284.7456211208
SWE.14_1,295293.14483939484
SWE.15_1,2608131.4844211736
SWE.16_1,372408.6236339428
SWE.17_1,275329.14647339284
SWE.18_1,257819.44118286204
SWE.19_1,227512.5456305854
SWE.1_1,153913.1848041294
SWE.20_1,282892.0525208232
SWE.21_1,1797022.5372951836
SWE.2_1,282131.56233504787
SWE.3_1,272083.7538260068
SWE.4_1,55489.087079165736
SWE.5_1,329262.6610011617
SWE.6_1,126016.75191309163
SWE.7_1,337964.8944867826
SWE.8_1,223709.25588073954
SWE.9_1,201201.9517283598
SWZ.1_1,351167.2463274279
SWZ.2_1,253627.12818943197
SWZ.3_1,416270.604828574
SWZ.4_1,216772.16949779796
TCA.1_1,7199.925627967692
TCA.2_1,51.28057988837827
TCA.3_1,1095.7671088520437
TCA.4_1,33003.91470973613
TCA.5_1,64.49761277082143
TCA.6_1,884.1010006503202
TCD.10_1,712645.6763091069
TCD.11_1,890684.0140205054
TCD.12_1,1465887.5893205153
TCD.13_1,990180.2811554279
TCD.14_1,1187514.9038071474
TCD.15_1,881764.2725756122
TCD.16_1,926739.9180891328
TCD.17_1,1396615.0913544353
TCD.18_1,478546.0906711314
TCD.19_1,732999.1946157143
TCD.1_1,514342.91428770125
TCD.20_1,937324.2740507107
TCD.21_1,75615.02052924037
TCD.22_1,1792872.6597474013
TCD.23_1,1575364.2802849934
TCD.2_1,796409.3148043714
TCD.3_1,368288.28860878944
TCD.4_1,918314.6231927006
TCD.5_1,107388.45376886427
TCD.6_1,183002.52948120236
TCD.7_1,907855.0153978355
TCD.8_1,886155.4166265652
TCD.9_1,667275.8108669836
TGO.1_1,931895.9495788971
TGO.2_1,1061401.7484271796
TGO.3_1,4015889.849597745
TGO.4_1,1977523.830977846
TGO.5_1,1422670.9233307121
THA.10_1,2197578.8211729773
THA.11_1,1299814.5957604682
THA.12_1,1499662.6769215562
THA.13_1,490234.45933027426
THA.14_1,896643.1144839325
THA.15_1,857499.5528949653
THA.16_1,765415.7891504038
THA.17_1,1732568.2331612767
THA.18_1,330455.336750078
THA.19_1,804635.5584102417
THA.1_1,293232.399687293
THA.20_1,499454.08887287276
THA.21_1,598973.1012693165
THA.22_1,1074668.6581552064
THA.23_1,176188.13083740044
THA.24_1,707974.4661595975
THA.25_1,436606.2069412167
THA.26_1,220903.89701443585
THA.27_1,992670.0168174546
THA.28_1,503472.69174603093
THA.29_1,2159627.0225551035
THA.2_1,200280.62462513032
THA.30_1,785042.0476740678
THA.31_1,1244075.2366540558
THA.32_1,401578.14223366603
THA.33_1,573744.1531084832
THA.34_1,521462.40724698873
THA.35_1,355555.0460163525
THA.36_1,2021086.0005416733
THA.37_1,1944717.0124493237
THA.38_1,529206.3673398234
THA.39_1,244772.51341005135
THA.3_1,12302587.644844837
THA.40_1,538571.061999647
THA.41_1,437815.23945555
THA.42_1,807105.9581606239
THA.43_1,454657.70994906547
THA.44_1,459746.9079872258
THA.45_1,942923.7874566698
THA.46_1,850560.8623945108
THA.47_1,476179.4724589614
THA.48_1,904521.5920260306
THA.49_1,703086.7717103586
THA.4_1,275592.7402536047
THA.50_1,408804.9000712808
THA.51_1,386995.4492661371
THA.52_1,701719.8883910975
THA.53_1,915438.9091723242
THA.54_1,1013726.9997720725
THA.55_1,591532.4538103347
THA.56_1,920050.4049511002
THA.57_1,2919477.8835437237
THA.58_1,1315756.3808618658
THA.59_1,138937.66047685733
THA.5_1,1152625.4233572436
THA.60_1,845123.8726191276
THA.61_1,266192.1127501149
THA.62_1,746507.5327421683
THA.63_1,115270.26350393728
THA.64_1,1826081.7388897124
THA.65_1,582592.5389939356
THA.66_1,944141.9281809481
THA.67_1,962363.9874227358
THA.68_1,761629.616612274
THA.69_1,549459.0896380073
THA.6_1,723321.8610838805
THA.70_1,499088.9704760462
THA.71_1,242605.68274135352
THA.72_1,1768584.207824234
THA.73_1,911287.8571714484
THA.74_1,245698.91215732554
THA.75_1,490450.2339618327
THA.76_1,390587.8729325831
THA.77_1,342857.4010729268
THA.7_1,207849.84985506628
THA.8_1,697108.8098516199
THA.9_1,671814.4625442126
TJK.1_1,1209321.8924170062
TJK.2_1,243083.45689104218
TJK.3_1,3808875.2636874733
TJK.4_1,2928001.0809386317
TJK.5_1,2350788.382853693
TLS.10_1,75773.39306954388
TLS.11_1,50832.12154775765
TLS.12_1,51259.791299966164
TLS.13_1,79343.1004585714
TLS.1_1,72814.45143030956
TLS.2_1,59448.613202041946
TLS.3_1,70871.59647141583
TLS.4_1,123391.59179842751
TLS.5_1,102484.58973049093
TLS.6_1,69407.5292479815
TLS.7_1,419950.35160965845
TLS.8_1,141458.07870881725
TLS.9_1,60948.60821949132
TON.1_1,4519.028022781014
TON.2_1,4126.422360819764
TON.3_1,493.91656588763
TON.4_1,78073.52023148723
TON.5_1,11262.280654044822
TTO.10_1,49904.92443366139
TTO.11_1,176091.388462089
TTO.12_1,92844.81977390638
TTO.13_1,93455.40219548042
TTO.14_1,68016.3325429
TTO.15_1,227975.63562441897
TTO.1_1,43878.22212211974
TTO.2_1,123284.50120679801
TTO.3_1,219922.0779611771
TTO.4_1,114144.37910039024
TTO.5_1,38513.48917943658
TTO.6_1,100808.34654941107
TTO.7_1,23305.053020813502
TTO.8_1,33642.68890263536
TTO.9_1,111608.83957267902
TUN.10_1,175193.94000527915
TUN.11_1,228472.49447537027
TUN.12_1,447812.7404510027
TUN.13_1,303441.7348041055
TUN.14_1,531851.6117214414
TUN.15_1,664751.5287628062
TUN.16_1,900296.173834723
TUN.17_1,1114376.235447745
TUN.18_1,476614.48274463695
TUN.19_1,215391.43190983124
TUN.1_1,759625.4130313909
TUN.20_1,834602.5012199902
TUN.21_1,161533.5374056741
TUN.22_1,122633.15842800401
TUN.23_1,1382180.7946586036
TUN.24_1,200607.93357677083
TUN.2_1,303534.68536760635
TUN.3_1,809047.4686936014
TUN.4_1,600657.6096830419
TUN.5_1,417471.00713224965
TUN.6_1,358108.6224890691
TUN.7_1,391773.00948573323
TUN.8_1,625138.0176217644
TUN.9_1,470592.73040203704
TUR.10_1,148818.32204825617
TUR.11_1,1199104.6853862165
TUR.12_1,1415538.9984404766
TUR.13_1,219364.0039184792
TUR.14_1,719060.5028570034
TUR.15_1,58687.84348569624
TUR.16_1,314753.7325163074
TUR.17_1,295028.6060381122
TUR.18_1,298653.39382916316
TUR.19_1,313275.90182323335
TUR.1_1,1599359.677311392
TUR.20_1,299203.96534281736
TUR.21_1,3612142.7465211945
TUR.22_1,571546.1731656427
TUR.23_1,179118.4944687297
TUR.24_1,595895.8100198614
TUR.25_1,1073331.84424147
TUR.26_1,1866755.7471345053
TUR.27_1,427928.74625388393
TUR.28_1,471943.07316731126
TUR.29_1,700326.268017333
TUR.2_1,627934.8680462567
TUR.30_1,162917.9816235425
TUR.31_1,752152.0384240123
TUR.32_1,1034541.0049631409
TUR.33_1,2500380.922540416
TUR.34_1,323221.9808617439
TUR.35_1,89822.72921360657
TUR.36_1,310920.7665058188
TUR.37_1,2111376.3662452335
TUR.38_1,239397.8847070122
TUR.39_1,443970.2786727855
TUR.3_1,656081.1650277073
TUR.40_1,13878160.12543492
TUR.41_1,3810755.0376082524
TUR.42_1,1269682.9842916094
TUR.43_1,278753.6249628323
TUR.44_1,252630.35280982126
TUR.45_1,311153.35559934936
TUR.46_1,381056.161315104
TUR.47_1,1527606.8341890066
TUR.48_1,170618.57698427234
TUR.49_1,277361.7950062391
TUR.4_1,641977.7332762014
TUR.50_1,386903.709548743
TUR.51_1,281012.5733970213
TUR.52_1,2318954.4860579288
TUR.53_1,2436418.8943364727
TUR.54_1,593633.2240867885
TUR.55_1,827348.3919598022
TUR.56_1,1797367.2584638773
TUR.57_1,970761.7569433944
TUR.58_1,1593445.5661049443
TUR.59_1,1091096.3322398022
TUR.5_1,409038.4833937576
TUR.60_1,401126.6168366261
TUR.61_1,286280.9520608047
TUR.62_1,372584.92957958207
TUR.63_1,571150.3926388817
TUR.64_1,612285.632312956
TUR.65_1,265213.95519410446
TUR.66_1,1074631.1717066488
TUR.67_1,1565714.6676570578
TUR.68_1,2348876.1885884544
TUR.69_1,402214.0773536712
TUR.6_1,342201.5113270278
TUR.70_1,190842.96714768745
TUR.71_1,652973.7789852619
TUR.72_1,717618.8475734293
TUR.73_1,1224658.0009279465
TUR.74_1,478784.8106249571
TUR.75_1,650188.3826983524
TUR.76_1,66842.36315718386
TUR.77_1,415577.42465144675
TUR.78_1,1493566.1663730252
TUR.79_1,285478.4967809608
TUR.7_1,6392071.0633583665
TUR.80_1,331946.13347844547
TUR.81_1,685396.600237078
TUR.8_1,2800699.875459797
TUR.9_1,85983.40744994627
TWN.1_1,59142.494529874995
TWN.2_1,2715158.072244773
TWN.3_1,4608917.908348609
TWN.4_1,2968188.122664891
TWN.5_1,1649714.4872947289
TWN.6_1,2537983.4930388224
TWN.7_1,9281068.541661957
TZA.10_1,1095081.55444283
TZA.11_1,2375983.433091375
TZA.12_1,2660521.8662273292
TZA.13_1,2573466.8421818
TZA.14_1,3356310.5889035463
TZA.15_1,1712482.3917259192
TZA.16_1,4166414.1413228633
TZA.17_1,875908.4822780136
TZA.18_1,280370.6209632838
TZA.19_1,246101.87584107555
TZA.1_1,2567301.754262848
TZA.20_1,1659249.9706680998
TZA.21_1,1672808.648237043
TZA.22_1,1975210.250360161
TZA.23_1,2256212.4451001086
TZA.24_1,2715257.277676666
TZA.25_1,2084509.8739543476
TZA.26_1,3777255.8760009673
TZA.27_1,3104327.4467236293
TZA.28_1,299197.3770300094
TZA.29_1,156706.25811874028
TZA.2_1,9052966.220011925
TZA.30_1,1078472.3186006965
TZA.31_1,1707934.6572492945
TZA.3_1,3034379.643202577
TZA.4_1,3438523.76946567
TZA.5_1,1250355.5104333367
TZA.6_1,3518284.6068050596
TZA.7_1,945667.7077897929
TZA.8_1,3296422.813736762
TZA.9_1,2306955.7015967052
UGA.10_1,1418596.9728986546
UGA.11_1,581892.8724666433
UGA.12_1,646719.6749148131
UGA.13_1,635542.721699439
UGA.14_1,347572.03569749556
UGA.15_1,66149.56512339786
UGA.16_1,1760060.2194094192
UGA.17_1,1560302.8033208605
UGA.18_1,656446.6146924598
UGA.19_1,318641.471967184
UGA.1_1,271453.25983442226
UGA.20_1,442406.0758596081
UGA.21_1,939558.5094307843
UGA.22_1,642550.6643634867
UGA.23_1,471495.90745126083
UGA.24_1,1473968.4406990297
UGA.25_1,573097.6728181839
UGA.26_1,370877.2215962857
UGA.27_1,417299.6780544771
UGA.28_1,619164.2123858659
UGA.29_1,886997.877060906
UGA.2_1,1461563.246284931
UGA.30_1,1320190.0252162172
UGA.31_1,22907.87353328988
UGA.32_1,153025.00942827668
UGA.33_1,1524894.35644738
UGA.34_1,905904.8473811448
UGA.35_1,1111774.1896875557
UGA.36_1,988043.5403266195
UGA.37_1,682179.1638813261
UGA.38_1,1561934.6440149192
UGA.39_1,2426226.728110549
UGA.3_1,1691506.4235573285
UGA.40_1,351640.24920022395
UGA.41_1,112161.97402306763
UGA.42_1,659057.5299388948
UGA.43_1,1532416.7737043994
UGA.44_1,1535589.6613330785
UGA.45_1,472317.82976569794
UGA.46_1,262038.1959405085
UGA.47_1,913318.3782725241
UGA.48_1,644594.9765910069
UGA.49_1,524239.34833842795
UGA.4_1,872683.4410883021
UGA.50_1,1216987.3460244965
UGA.51_1,823681.9362639831
UGA.52_1,379861.5038208654
UGA.53_1,354735.39292874746
UGA.54_1,634056.8344592806
UGA.55_1,912627.8386432026
UGA.56_1,1108935.953466311
UGA.57_1,3925009.8828077028
UGA.58_1,903149.8714025668
UGA.5_1,398232.0167621663
UGA.6_1,1098877.5112777809
UGA.7_1,464925.819024235
UGA.8_1,1291764.5163720297
UGA.9_1,936648.2727336604
UKR.10_1,1092387.345492528
UKR.11_1,2266499.2968883673
UKR.12_1,1474425.6629554336
UKR.13_1,794009.3791095988
UKR.14_1,2210466.31508589
UKR.15_1,1822564.286486835
UKR.16_1,992408.3416283005
UKR.17_1,2080236.925255249
UKR.18_1,1192039.6273331996
UKR.19_1,1026945.3049687967
UKR.1_1,1039253.6550539619
UKR.20_1,340467.6959950039
UKR.21_1,913586.2952381221
UKR.22_1,915820.831320954
UKR.23_1,1126539.7390665845
UKR.24_1,1371529.086188087
UKR.25_1,923394.028529067
UKR.26_1,1501661.8639642138
UKR.27_1,1054978.1477995568
UKR.2_1,859872.0413479137
UKR.3_1,807490.229940413
UKR.4_1,1691932.6025992788
UKR.5_1,2732391.1317552836
UKR.6_1,3601437.3440888813
UKR.7_1,1221165.0455376054
UKR.8_1,2360609.1572363833
UKR.9_1,892926.2076265708
URY.10_2,1217506.4783285912
URY.11_2,119174.12292991749
URY.12_2,58579.326868811564
URY.13_2,108646.82967108337
URY.14_2,66023.82065690245
URY.15_2,134452.82035550746
URY.16_2,124430.90224109008
URY.17_2,84167.4357478971
URY.18_2,93596.28795210159
URY.19_2,48674.72736162174
URY.1_2,68829.01814999002
URY.2_2,587151.752921163
URY.3_2,84854.98044988715
URY.4_2,132846.54449660509
URY.5_2,56542.25336475784
URY.6_2,25887.23147346417
URY.7_2,68501.3849887063
URY.8_2,57466.09577806844
URY.9_2,228766.6632884663
USA.10_1,22476565.50671845
USA.11_1,11157228.945080144
USA.12_1,1519260.4022605165
USA.13_1,1983537.4273575733
USA.14_1,12917206.01261768
USA.15_1,6882442.92984808
USA.16_1,3248550.460681929
USA.17_1,3061630.778127355
USA.18_1,4693994.646967364
USA.19_1,4738362.307627174
USA.1_1,5165084.646393084
USA.20_1,1382711.5052759177
USA.21_1,6161503.346063925
USA.22_1,7126554.339113992
USA.23_1,10159083.727475876
USA.24_1,6028157.066809684
USA.25_1,3099894.3225244847
USA.26_1,6458247.758173547
USA.27_1,1138561.0704572878
USA.28_1,2027036.0429044284
USA.29_1,3309588.276633673
USA.2_1,818089.0642944863
USA.30_1,1479444.7304372676
USA.31_1,9018905.78703688
USA.32_1,2319427.039110878
USA.33_1,19532019.98316542
USA.34_1,11436576.09438877
USA.35_1,784716.8551400682
USA.36_1,11922181.068523213
USA.37_1,4211326.343848987
USA.38_1,4544795.874338222
USA.39_1,13202733.059274225
USA.3_1,7795038.149237704
USA.40_1,1072519.824805592
USA.41_1,5605467.609985111
USA.42_1,919849.0265429601
USA.43_1,7345586.629524013
USA.44_1,30871273.845646225
USA.45_1,3370358.619066046
USA.46_1,661655.8110781634
USA.47_1,8792019.812500872
USA.48_1,7895339.566632134
USA.49_1,1798928.8556105718
USA.4_1,3180431.4024609555
USA.50_1,5938454.692616156
USA.51_1,621815.2873089887
USA.5_1,41118172.84268442
USA.6_1,6019808.855557869
USA.7_1,3608303.6695224573
USA.8_1,1076456.3436407987
USA.9_1,696733.662139718
UZB.10_1,3768026.9088293556
UZB.11_1,920331.3486509006
UZB.12_1,2835781.9707657914
UZB.13_1,2242187.8207903174
UZB.14_1,3649814.449850292
UZB.1_1,3441651.7073720032
UZB.2_1,2106786.3583772276
UZB.3_1,4133364.8052411093
UZB.4_1,1368752.506181847
UZB.5_1,1825675.4156115628
UZB.6_1,3532600.7439844483
UZB.7_1,2053950.8351489385
UZB.8_1,3042596.275394706
UZB.9_1,1378954.867746267
VCT.1_1,21438.743689357303
VCT.2_1,10330.511580758262
VCT.3_1,13130.311706236564
VCT.4_1,4936.179638084024
VCT.5_1,39055.90188183542
VCT.6_1,6384.48214538116
VEN.10_1,1896.0779592879117
VEN.11_1,1728492.237633077
VEN.12_1,954174.3251189962
VEN.13_1,835245.7646435951
VEN.14_1,1894675.9916192167
VEN.15_1,878689.1816373402
VEN.16_1,2877363.8305623997
VEN.17_1,1164314.1012937538
VEN.18_1,584676.7293869513
VEN.19_1,973490.2008483545
VEN.1_1,195448.6932172277
VEN.20_1,944276.240044741
VEN.21_1,1269584.5572864935
VEN.22_1,708379.0459705298
VEN.23_1,363785.81422564434
VEN.24_1,674327.1121559121
VEN.25_1,4252134.533763456
VEN.2_1,1613059.083084096
VEN.3_1,486783.64984244853
VEN.4_1,1538799.2170965155
VEN.5_1,1040243.2873638407
VEN.6_1,1511454.320026625
VEN.7_1,2482391.4390252307
VEN.8_1,392174.3737145745
VEN.9_1,304242.07964963425
VGB.1_1,261.3354692129651
VGB.2_1,278.435451135505
VGB.3_1,10.85216949036112
VGB.4_1,24196.057665285247
VGB.5_1,3376.7459670583485
VIR.1_1,45364.04691452917
VIR.2_1,3708.231508437544
VIR.3_1,45314.66743898555
VNM.10_1,1348590.7826363146
VNM.11_1,1185422.1569795143
VNM.12_1,2414724.883156673
VNM.13_1,1285521.0952984914
VNM.14_1,485152.42796739936
VNM.15_1,2314663.613130521
VNM.16_1,700977.1565672504
VNM.17_1,3553921.5512828315
VNM.18_1,1771027.165741465
VNM.19_1,1174553.6487348364
VNM.1_1,2211266.332934873
VNM.20_1,507196.5675744619
VNM.21_1,1748351.6310830917
VNM.22_1,1841972.1444128975
VNM.23_1,1849574.4714421881
VNM.24_1,766701.2729569469
VNM.25_1,11554069.66803739
VNM.26_1,730900.8813934652
VNM.27_1,7443278.122027893
VNM.28_1,827728.003509514
VNM.29_1,1211383.2582940469
VNM.2_1,929725.3609734075
VNM.30_1,746605.4881954221
VNM.31_1,1220772.888193313
VNM.32_1,1170941.3640819201
VNM.33_1,1755027.8611936816
VNM.34_1,611129.7402665038
VNM.35_1,704373.3279834595
VNM.36_1,432253.8157171961
VNM.37_1,1561961.4612851767
VNM.38_1,597677.8081273921
VNM.39_1,1527565.8801754238
VNM.3_1,1499097.212669827
VNM.40_1,1930634.6587110898
VNM.41_1,2956117.4041292984
VNM.42_1,971898.6604534844
VNM.43_1,577482.9305188768
VNM.44_1,1000180.0306359432
VNM.45_1,872688.0012321174
VNM.46_1,868008.0403370634
VNM.47_1,1438566.6554507888
VNM.48_1,1338341.0085581155
VNM.49_1,1145580.8031951028
VNM.4_1,285632.47036056034
VNM.50_1,610337.5168363226
VNM.51_1,1383117.4763483508
VNM.52_1,1096200.6619379912
VNM.53_1,1543938.9951836653
VNM.54_1,1074956.1342186797
VNM.55_1,1903474.7305226848
VNM.56_1,1094236.7297598356
VNM.57_1,3386752.8867940856
VNM.58_1,1759965.6204116223
VNM.59_1,1054119.4794179527
VNM.5_1,1126633.512525742
VNM.60_1,706659.8925088309
VNM.61_1,1067027.5878981361
VNM.62_1,1026974.769067673
VNM.63_1,726330.6217884356
VNM.6_1,1286645.1336903656
VNM.7_1,1420389.1819901941
VNM.8_1,1489923.6360719232
VNM.9_1,2866596.344833165
VUT.1_1,37025.95455931127
VUT.2_1,35543.48457560502
VUT.3_1,62858.44194466574
VUT.4_1,117221.34023136552
VUT.5_1,40263.387809258886
VUT.6_1,11364.675785103813
WLF.1_1,1869.0262725460343
WLF.2_1,1102.9904088475741
WLF.3_1,7259.317383297719
WSM.10_1,2144.3285446092486
WSM.11_1,6953.131250570528
WSM.1_1,23990.61800577119
WSM.2_1,4532.503207232803
WSM.3_1,21888.88921809476
WSM.4_1,12885.31023112312
WSM.5_1,5543.631548608188
WSM.6_1,5757.8179572075605
WSM.7_1,9020.125511450693
WSM.8_1,4967.071649009362
WSM.9_1,111909.1406088369
XKO.1_1,165965.47953578364
XKO.2_1,123771.66166183958
XKO.3_1,199537.76246670703
XKO.4_1,165956.27720065694
XKO.5_1,489099.77071559057
XKO.6_1,325726.70015720185
XKO.7_1,168382.37964872457
YEM.10_1,1550819.7923419476
YEM.11_1,2378575.082551088
YEM.12_1,1823822.867491166
YEM.13_1,2580593.051924156
YEM.14_1,4046482.5533995926
YEM.15_1,1287131.7100559194
YEM.16_1,419369.8148430288
YEM.17_1,625416.5832983255
YEM.18_1,1179452.2105392218
YEM.19_1,1674050.940251408
YEM.1_1,1247660.1200729106
YEM.20_1,825932.6771520227
YEM.21_1,4361299.560132649
YEM.2_1,770202.441616863
YEM.3_1,1024052.6480483152
YEM.4_1,836027.208558958
YEM.5_1,3979155.1069727615
YEM.6_1,766336.0108665228
YEM.7_1,157075.81210580282
YEM.8_1,871589.3744610846
YEM.9_1,3438553.6143963095
ZAF.1_1,6753972.620783718
ZAF.2_1,2732530.828321914
ZAF.3_1,16790360.768366743
ZAF.4_1,10973200.720003057
ZAF.5_1,5959056.281838564
ZAF.6_1,4908109.654737668
ZAF.7_1,4149835.6166479737
ZAF.8_1,1401717.0341989584
ZAF.9_1,7927409.6529026795
ZMB.10_1,1211769.6215595766
ZMB.1_1,2281918.8231810704
ZMB.2_1,2999129.6794027714
ZMB.3_1,2513218.522467658
ZMB.4_1,2053001.8797647047
ZMB.5_1,4427842.918423478
ZMB.6_1,1099212.4504975332
ZMB.7_1,971834.0918859513
ZMB.8_1,1836861.4512391663
ZMB.9_1,2345681.4868432637
ZNC.1_1,72198.9380465966
ZNC.2_1,88312.77195965499
ZNC.3_1,15478.335733336397
ZNC.4_1,19761.06360320421
ZNC.5_1,135713.82376104782
ZWE.10_1,2170052.1454693326
ZWE.1_1,603578.7529934016
ZWE.2_1,2225474.436547799
ZWE.3_1,2389056.165101559
ZWE.4_1,1679930.8668422597
ZWE.5_1,2085038.458389095
ZWE.6_1,2256981.0828277236
ZWE.7_1,2095054.2391272592
ZWE.8_1,987987.1049011592
ZWE.9_1,881607.9305145286
