un_country_or_area,un_m49_code,iso2,iso3,un_m49_region,un_m49_subregion,un_m49_intermediate_region,un_region_9
Algeria,12,DZ,DZA,Africa,Northern Africa,,Northern Africa and Western Asia
Egypt,818,EG,EGY,Africa,Northern Africa,,Northern Africa and Western Asia
Libya,434,LY,LBY,Africa,Northern Africa,,Northern Africa and Western Asia
Morocco,504,MA,MAR,Africa,Northern Africa,,Northern Africa and Western Asia
Sudan,729,SD,SDN,Africa,Northern Africa,,Northern Africa and Western Asia
Tunisia,788,TN,TUN,Africa,Northern Africa,,Northern Africa and Western Asia
Western Sahara,732,EH,ESH,Africa,Northern Africa,,Northern Africa and Western Asia
British Indian Ocean Territory,86,IO,IOT,Africa,Sub-Saharan Africa,Eastern Africa,Sub-Saharan Africa
Burundi,108,BI,BDI,Africa,Sub-Saharan Africa,Eastern Africa,Sub-Saharan Africa
Comoros,174,KM,COM,Africa,Sub-Saharan Africa,Eastern Africa,Sub-Saharan Africa
Djibouti,262,DJ,DJI,Africa,Sub-Saharan Africa,Eastern Africa,Sub-Saharan Africa
Eritrea,232,ER,ERI,Africa,Sub-Saharan Africa,Eastern Africa,Sub-Saharan Africa
Ethiopia,231,ET,ETH,Africa,Sub-Saharan Africa,Eastern Africa,Sub-Saharan Africa
French Southern Territories,260,TF,ATF,Africa,Sub-Saharan Africa,Eastern Africa,Sub-Saharan Africa
Kenya,404,KE,KEN,Africa,Sub-Saharan Africa,Eastern Africa,Sub-Saharan Africa
Madagascar,450,MG,MDG,Africa,Sub-Saharan Africa,Eastern Africa,Sub-Saharan Africa
Malawi,454,MW,MWI,Africa,Sub-Saharan Africa,Eastern Africa,Sub-Saharan Africa
Mauritius,480,MU,MUS,Africa,Sub-Saharan Africa,Eastern Africa,Sub-Saharan Africa
Mayotte,175,YT,MYT,Africa,Sub-Saharan Africa,Eastern Africa,Sub-Saharan Africa
Mozambique,508,MZ,MOZ,Africa,Sub-Saharan Africa,Eastern Africa,Sub-Saharan Africa
Réunion,638,RE,REU,Africa,Sub-Saharan Africa,Eastern Africa,Sub-Saharan Africa
Rwanda,646,RW,RWA,Africa,Sub-Saharan Africa,Eastern Africa,Sub-Saharan Africa
Seychelles,690,SC,SYC,Africa,Sub-Saharan Africa,Eastern Africa,Sub-Saharan Africa
Somalia,706,SO,SOM,Africa,Sub-Saharan Africa,Eastern Africa,Sub-Saharan Africa
South Sudan,728,SS,SSD,Africa,Sub-Saharan Africa,Eastern Africa,Sub-Saharan Africa
Uganda,800,UG,UGA,Africa,Sub-Saharan Africa,Eastern Africa,Sub-Saharan Africa
United Republic of Tanzania,834,TZ,TZA,Africa,Sub-Saharan Africa,Eastern Africa,Sub-Saharan Africa
Zambia,894,ZM,ZMB,Africa,Sub-Saharan Africa,Eastern Africa,Sub-Saharan Africa
Zimbabwe,716,ZW,ZWE,Africa,Sub-Saharan Africa,Eastern Africa,Sub-Saharan Africa
Angola,24,AO,AGO,Africa,Sub-Saharan Africa,Middle Africa,Sub-Saharan Africa
Cameroon,120,CM,CMR,Africa,Sub-Saharan Africa,Middle Africa,Sub-Saharan Africa
Central African Republic,140,CF,CAF,Africa,Sub-Saharan Africa,Middle Africa,Sub-Saharan Africa
Chad,148,TD,TCD,Africa,Sub-Saharan Africa,Middle Africa,Sub-Saharan Africa
Congo,178,CG,COG,Africa,Sub-Saharan Africa,Middle Africa,Sub-Saharan Africa
Democratic Republic of the Congo,180,CD,COD,Africa,Sub-Saharan Africa,Middle Africa,Sub-Saharan Africa
Equatorial Guinea,226,GQ,GNQ,Africa,Sub-Saharan Africa,Middle Africa,Sub-Saharan Africa
Gabon,266,GA,GAB,Africa,Sub-Saharan Africa,Middle Africa,Sub-Saharan Africa
Sao Tome and Principe,678,ST,STP,Africa,Sub-Saharan Africa,Middle Africa,Sub-Saharan Africa
Botswana,72,BW,BWA,Africa,Sub-Saharan Africa,Southern Africa,Sub-Saharan Africa
Eswatini,748,SZ,SWZ,Africa,Sub-Saharan Africa,Southern Africa,Sub-Saharan Africa
Lesotho,426,LS,LSO,Africa,Sub-Saharan Africa,Southern Africa,Sub-Saharan Africa
Namibia,516,,NAM,Africa,Sub-Saharan Africa,Southern Africa,Sub-Saharan Africa
South Africa,710,ZA,ZAF,Africa,Sub-Saharan Africa,Southern Africa,Sub-Saharan Africa
Benin,204,BJ,BEN,Africa,Sub-Saharan Africa,Western Africa,Sub-Saharan Africa
Burkina Faso,854,BF,BFA,Africa,Sub-Saharan Africa,Western Africa,Sub-Saharan Africa
Cabo Verde,132,CV,CPV,Africa,Sub-Saharan Africa,Western Africa,Sub-Saharan Africa
Côte d’Ivoire,384,CI,CIV,Africa,Sub-Saharan Africa,Western Africa,Sub-Saharan Africa
Gambia,270,GM,GMB,Africa,Sub-Saharan Africa,Western Africa,Sub-Saharan Africa
Ghana,288,GH,GHA,Africa,Sub-Saharan Africa,Western Africa,Sub-Saharan Africa
Guinea,324,GN,GIN,Africa,Sub-Saharan Africa,Western Africa,Sub-Saharan Africa
Guinea-Bissau,624,GW,GNB,Africa,Sub-Saharan Africa,Western Africa,Sub-Saharan Africa
Liberia,430,LR,LBR,Africa,Sub-Saharan Africa,Western Africa,Sub-Saharan Africa
Mali,466,ML,MLI,Africa,Sub-Saharan Africa,Western Africa,Sub-Saharan Africa
Mauritania,478,MR,MRT,Africa,Sub-Saharan Africa,Western Africa,Sub-Saharan Africa
Niger,562,NE,NER,Africa,Sub-Saharan Africa,Western Africa,Sub-Saharan Africa
Nigeria,566,NG,NGA,Africa,Sub-Saharan Africa,Western Africa,Sub-Saharan Africa
Saint Helena,654,SH,SHN,Africa,Sub-Saharan Africa,Western Africa,Sub-Saharan Africa
Senegal,686,SN,SEN,Africa,Sub-Saharan Africa,Western Africa,Sub-Saharan Africa
Sierra Leone,694,SL,SLE,Africa,Sub-Saharan Africa,Western Africa,Sub-Saharan Africa
Togo,768,TG,TGO,Africa,Sub-Saharan Africa,Western Africa,Sub-Saharan Africa
Anguilla,660,AI,AIA,Americas,Latin America and the Caribbean,Caribbean,Latin America and Caribbean
Antigua and Barbuda,28,AG,ATG,Americas,Latin America and the Caribbean,Caribbean,Latin America and Caribbean
Aruba,533,AW,ABW,Americas,Latin America and the Caribbean,Caribbean,Latin America and Caribbean
Bahamas,44,BS,BHS,Americas,Latin America and the Caribbean,Caribbean,Latin America and Caribbean
Barbados,52,BB,BRB,Americas,Latin America and the Caribbean,Caribbean,Latin America and Caribbean
"Bonaire, Sint Eustatius and Saba",535,BQ,BES,Americas,Latin America and the Caribbean,Caribbean,Latin America and Caribbean
British Virgin Islands,92,VG,VGB,Americas,Latin America and the Caribbean,Caribbean,Latin America and Caribbean
Cayman Islands,136,KY,CYM,Americas,Latin America and the Caribbean,Caribbean,Latin America and Caribbean
Cuba,192,CU,CUB,Americas,Latin America and the Caribbean,Caribbean,Latin America and Caribbean
Curaçao,531,CW,CUW,Americas,Latin America and the Caribbean,Caribbean,Latin America and Caribbean
Dominica,212,DM,DMA,Americas,Latin America and the Caribbean,Caribbean,Latin America and Caribbean
Dominican Republic,214,DO,DOM,Americas,Latin America and the Caribbean,Caribbean,Latin America and Caribbean
Grenada,308,GD,GRD,Americas,Latin America and the Caribbean,Caribbean,Latin America and Caribbean
Guadeloupe,312,GP,GLP,Americas,Latin America and the Caribbean,Caribbean,Latin America and Caribbean
Haiti,332,HT,HTI,Americas,Latin America and the Caribbean,Caribbean,Latin America and Caribbean
Jamaica,388,JM,JAM,Americas,Latin America and the Caribbean,Caribbean,Latin America and Caribbean
Martinique,474,MQ,MTQ,Americas,Latin America and the Caribbean,Caribbean,Latin America and Caribbean
Montserrat,500,MS,MSR,Americas,Latin America and the Caribbean,Caribbean,Latin America and Caribbean
Puerto Rico,630,PR,PRI,Americas,Latin America and the Caribbean,Caribbean,Latin America and Caribbean
Saint Barthélemy,652,BL,BLM,Americas,Latin America and the Caribbean,Caribbean,Latin America and Caribbean
Saint Kitts and Nevis,659,KN,KNA,Americas,Latin America and the Caribbean,Caribbean,Latin America and Caribbean
Saint Lucia,662,LC,LCA,Americas,Latin America and the Caribbean,Caribbean,Latin America and Caribbean
Saint Martin (French Part),663,MF,MAF,Americas,Latin America and the Caribbean,Caribbean,Latin America and Caribbean
Saint Vincent and the Grenadines,670,VC,VCT,Americas,Latin America and the Caribbean,Caribbean,Latin America and Caribbean
Sint Maarten (Dutch part),534,SX,SXM,Americas,Latin America and the Caribbean,Caribbean,Latin America and Caribbean
Trinidad and Tobago,780,TT,TTO,Americas,Latin America and the Caribbean,Caribbean,Latin America and Caribbean
Turks and Caicos Islands,796,TC,TCA,Americas,Latin America and the Caribbean,Caribbean,Latin America and Caribbean
United States Virgin Islands,850,VI,VIR,Americas,Latin America and the Caribbean,Caribbean,Latin America and Caribbean
Belize,84,BZ,BLZ,Americas,Latin America and the Caribbean,Central America,Latin America and Caribbean
Costa Rica,188,CR,CRI,Americas,Latin America and the Caribbean,Central America,Latin America and Caribbean
El Salvador,222,SV,SLV,Americas,Latin America and the Caribbean,Central America,Latin America and Caribbean
Guatemala,320,GT,GTM,Americas,Latin America and the Caribbean,Central America,Latin America and Caribbean
Honduras,340,HN,HND,Americas,Latin America and the Caribbean,Central America,Latin America and Caribbean
Mexico,484,MX,MEX,Americas,Latin America and the Caribbean,Central America,Latin America and Caribbean
Nicaragua,558,NI,NIC,Americas,Latin America and the Caribbean,Central America,Latin America and Caribbean
Panama,591,PA,PAN,Americas,Latin America and the Caribbean,Central America,Latin America and Caribbean
Argentina,32,AR,ARG,Americas,Latin America and the Caribbean,South America,Latin America and Caribbean
Bolivia (Plurinational State of),68,BO,BOL,Americas,Latin America and the Caribbean,South America,Latin America and Caribbean
Bouvet Island,74,BV,BVT,Americas,Latin America and the Caribbean,South America,Latin America and Caribbean
Brazil,76,BR,BRA,Americas,Latin America and the Caribbean,South America,Latin America and Caribbean
Chile,152,CL,CHL,Americas,Latin America and the Caribbean,South America,Latin America and Caribbean
Colombia,170,CO,COL,Americas,Latin America and the Caribbean,South America,Latin America and Caribbean
Ecuador,218,EC,ECU,Americas,Latin America and the Caribbean,South America,Latin America and Caribbean
Falkland Islands (Malvinas),238,FK,FLK,Americas,Latin America and the Caribbean,South America,Latin America and Caribbean
French Guiana,254,GF,GUF,Americas,Latin America and the Caribbean,South America,Latin America and Caribbean
Guyana,328,GY,GUY,Americas,Latin America and the Caribbean,South America,Latin America and Caribbean
Paraguay,600,PY,PRY,Americas,Latin America and the Caribbean,South America,Latin America and Caribbean
Peru,604,PE,PER,Americas,Latin America and the Caribbean,South America,Latin America and Caribbean
South Georgia and the South Sandwich Islands,239,GS,SGS,Americas,Latin America and the Caribbean,South America,Latin America and Caribbean
Suriname,740,SR,SUR,Americas,Latin America and the Caribbean,South America,Latin America and Caribbean
Uruguay,858,UY,URY,Americas,Latin America and the Caribbean,South America,Latin America and Caribbean
Venezuela (Bolivarian Republic of),862,VE,VEN,Americas,Latin America and the Caribbean,South America,Latin America and Caribbean
Bermuda,60,BM,BMU,Americas,Northern America,,Northern America
Canada,124,CA,CAN,Americas,Northern America,,Northern America
Greenland,304,GL,GRL,Americas,Northern America,,Northern America
Saint Pierre and Miquelon,666,PM,SPM,Americas,Northern America,,Northern America
United States of America,840,US,USA,Americas,Northern America,,Northern America
Antarctica,10,AQ,ATA,,,,
Kazakhstan,398,KZ,KAZ,Asia,Central Asia,,Central and Southern Asia
Kyrgyzstan,417,KG,KGZ,Asia,Central Asia,,Central and Southern Asia
Tajikistan,762,TJ,TJK,Asia,Central Asia,,Central and Southern Asia
Turkmenistan,795,TM,TKM,Asia,Central Asia,,Central and Southern Asia
Uzbekistan,860,UZ,UZB,Asia,Central Asia,,Central and Southern Asia
China,156,CN,CHN,Asia,Eastern Asia,,Eastern and South-Eastern Asia
"China, Hong Kong Special Administrative Region",344,HK,HKG,Asia,Eastern Asia,,Eastern and South-Eastern Asia
"China, Macao Special Administrative Region",446,MO,MAC,Asia,Eastern Asia,,Eastern and South-Eastern Asia
Democratic People's Republic of Korea,408,KP,PRK,Asia,Eastern Asia,,Eastern and South-Eastern Asia
Japan,392,JP,JPN,Asia,Eastern Asia,,Eastern and South-Eastern Asia
Mongolia,496,MN,MNG,Asia,Eastern Asia,,Eastern and South-Eastern Asia
Republic of Korea,410,KR,KOR,Asia,Eastern Asia,,Eastern and South-Eastern Asia
Brunei Darussalam,96,BN,BRN,Asia,South-eastern Asia,,Eastern and South-Eastern Asia
Cambodia,116,KH,KHM,Asia,South-eastern Asia,,Eastern and South-Eastern Asia
Indonesia,360,ID,IDN,Asia,South-eastern Asia,,Eastern and South-Eastern Asia
Lao People's Democratic Republic,418,LA,LAO,Asia,South-eastern Asia,,Eastern and South-Eastern Asia
Malaysia,458,MY,MYS,Asia,South-eastern Asia,,Eastern and South-Eastern Asia
Myanmar,104,MM,MMR,Asia,South-eastern Asia,,Eastern and South-Eastern Asia
Philippines,608,PH,PHL,Asia,South-eastern Asia,,Eastern and South-Eastern Asia
Singapore,702,SG,SGP,Asia,South-eastern Asia,,Eastern and South-Eastern Asia
Thailand,764,TH,THA,Asia,South-eastern Asia,,Eastern and South-Eastern Asia
Timor-Leste,626,TL,TLS,Asia,South-eastern Asia,,Eastern and South-Eastern Asia
Viet Nam,704,VN,VNM,Asia,South-eastern Asia,,Eastern and South-Eastern Asia
Afghanistan,4,AF,AFG,Asia,Southern Asia,,Central and Southern Asia
Bangladesh,50,BD,BGD,Asia,Southern Asia,,Central and Southern Asia
Bhutan,64,BT,BTN,Asia,Southern Asia,,Central and Southern Asia
India,356,IN,IND,Asia,Southern Asia,,Central and Southern Asia
Iran (Islamic Republic of),364,IR,IRN,Asia,Southern Asia,,Central and Southern Asia
Maldives,462,MV,MDV,Asia,Southern Asia,,Central and Southern Asia
Nepal,524,NP,NPL,Asia,Southern Asia,,Central and Southern Asia
Pakistan,586,PK,PAK,Asia,Southern Asia,,Central and Southern Asia
Sri Lanka,144,LK,LKA,Asia,Southern Asia,,Central and Southern Asia
Armenia,51,AM,ARM,Asia,Western Asia,,Northern Africa and Western Asia
Azerbaijan,31,AZ,AZE,Asia,Western Asia,,Northern Africa and Western Asia
Bahrain,48,BH,BHR,Asia,Western Asia,,Northern Africa and Western Asia
Cyprus,196,CY,CYP,Asia,Western Asia,,Northern Africa and Western Asia
Georgia,268,GE,GEO,Asia,Western Asia,,Northern Africa and Western Asia
Iraq,368,IQ,IRQ,Asia,Western Asia,,Northern Africa and Western Asia
Israel,376,IL,ISR,Asia,Western Asia,,Northern Africa and Western Asia
Jordan,400,JO,JOR,Asia,Western Asia,,Northern Africa and Western Asia
Kuwait,414,KW,KWT,Asia,Western Asia,,Northern Africa and Western Asia
Lebanon,422,LB,LBN,Asia,Western Asia,,Northern Africa and Western Asia
Oman,512,OM,OMN,Asia,Western Asia,,Northern Africa and Western Asia
Qatar,634,QA,QAT,Asia,Western Asia,,Northern Africa and Western Asia
Saudi Arabia,682,SA,SAU,Asia,Western Asia,,Northern Africa and Western Asia
State of Palestine,275,PS,PSE,Asia,Western Asia,,Northern Africa and Western Asia
Syrian Arab Republic,760,SY,SYR,Asia,Western Asia,,Northern Africa and Western Asia
Türkiye,792,TR,TUR,Asia,Western Asia,,Northern Africa and Western Asia
United Arab Emirates,784,AE,ARE,Asia,Western Asia,,Northern Africa and Western Asia
Yemen,887,YE,YEM,Asia,Western Asia,,Northern Africa and Western Asia
Belarus,112,BY,BLR,Europe,Eastern Europe,,Europe
Bulgaria,100,BG,BGR,Europe,Eastern Europe,,Europe
Czechia,203,CZ,CZE,Europe,Eastern Europe,,Europe
Hungary,348,HU,HUN,Europe,Eastern Europe,,Europe
Poland,616,PL,POL,Europe,Eastern Europe,,Europe
Republic of Moldova,498,MD,MDA,Europe,Eastern Europe,,Europe
Romania,642,RO,ROU,Europe,Eastern Europe,,Europe
Russian Federation,643,RU,RUS,Europe,Eastern Europe,,Europe
Slovakia,703,SK,SVK,Europe,Eastern Europe,,Europe
Ukraine,804,UA,UKR,Europe,Eastern Europe,,Europe
Åland Islands,248,AX,ALA,Europe,Northern Europe,,Europe
Denmark,208,DK,DNK,Europe,Northern Europe,,Europe
Estonia,233,EE,EST,Europe,Northern Europe,,Europe
Faroe Islands,234,FO,FRO,Europe,Northern Europe,,Europe
Finland,246,FI,FIN,Europe,Northern Europe,,Europe
Guernsey,831,GG,GGY,Europe,Northern Europe,,Europe
Iceland,352,IS,ISL,Europe,Northern Europe,,Europe
Ireland,372,IE,IRL,Europe,Northern Europe,,Europe
Isle of Man,833,IM,IMN,Europe,Northern Europe,,Europe
Jersey,832,JE,JEY,Europe,Northern Europe,,Europe
Latvia,428,LV,LVA,Europe,Northern Europe,,Europe
Lithuania,440,LT,LTU,Europe,Northern Europe,,Europe
Norway,578,NO,NOR,Europe,Northern Europe,,Europe
Svalbard and Jan Mayen Islands,744,SJ,SJM,Europe,Northern Europe,,Europe
Sweden,752,SE,SWE,Europe,Northern Europe,,Europe
United Kingdom of Great Britain and Northern Ireland,826,GB,GBR,Europe,Northern Europe,,Europe
Albania,8,AL,ALB,Europe,Southern Europe,,Europe
Andorra,20,AD,AND,Europe,Southern Europe,,Europe
Bosnia and Herzegovina,70,BA,BIH,Europe,Southern Europe,,Europe
Croatia,191,HR,HRV,Europe,Southern Europe,,Europe
Gibraltar,292,GI,GIB,Europe,Southern Europe,,Europe
Greece,300,GR,GRC,Europe,Southern Europe,,Europe
Holy See,336,VA,VAT,Europe,Southern Europe,,Europe
Italy,380,IT,ITA,Europe,Southern Europe,,Europe
Malta,470,MT,MLT,Europe,Southern Europe,,Europe
Montenegro,499,ME,MNE,Europe,Southern Europe,,Europe
North Macedonia,807,MK,MKD,Europe,Southern Europe,,Europe
Portugal,620,PT,PRT,Europe,Southern Europe,,Europe
San Marino,674,SM,SMR,Europe,Southern Europe,,Europe
Serbia,688,RS,SRB,Europe,Southern Europe,,Europe
Slovenia,705,SI,SVN,Europe,Southern Europe,,Europe
Spain,724,ES,ESP,Europe,Southern Europe,,Europe
Austria,40,AT,AUT,Europe,Western Europe,,Europe
Belgium,56,BE,BEL,Europe,Western Europe,,Europe
France,250,FR,FRA,Europe,Western Europe,,Europe
Germany,276,DE,DEU,Europe,Western Europe,,Europe
Liechtenstein,438,LI,LIE,Europe,Western Europe,,Europe
Luxembourg,442,LU,LUX,Europe,Western Europe,,Europe
Monaco,492,MC,MCO,Europe,Western Europe,,Europe
Netherlands (Kingdom of the),528,NL,NLD,Europe,Western Europe,,Europe
Switzerland,756,CH,CHE,Europe,Western Europe,,Europe
Australia,36,AU,AUS,Oceania,Australia and New Zealand,,Australia and New Zealand
Christmas Island,162,CX,CXR,Oceania,Australia and New Zealand,,Australia and New Zealand
Cocos (Keeling) Islands,166,CC,CCK,Oceania,Australia and New Zealand,,Australia and New Zealand
Heard Island and McDonald Islands,334,HM,HMD,Oceania,Australia and New Zealand,,Australia and New Zealand
New Zealand,554,NZ,NZL,Oceania,Australia and New Zealand,,Australia and New Zealand
Norfolk Island,574,NF,NFK,Oceania,Australia and New Zealand,,Australia and New Zealand
Fiji,242,FJ,FJI,Oceania,Melanesia,,Oceania excluding Australia and New Zealand
New Caledonia,540,NC,NCL,Oceania,Melanesia,,Oceania excluding Australia and New Zealand
Papua New Guinea,598,PG,PNG,Oceania,Melanesia,,Oceania excluding Australia and New Zealand
Solomon Islands,90,SB,SLB,Oceania,Melanesia,,Oceania excluding Australia and New Zealand
Vanuatu,548,VU,VUT,Oceania,Melanesia,,Oceania excluding Australia and New Zealand
Guam,316,GU,GUM,Oceania,Micronesia,,Oceania excluding Australia and New Zealand
Kiribati,296,KI,KIR,Oceania,Micronesia,,Oceania excluding Australia and New Zealand
Marshall Islands,584,MH,MHL,Oceania,Micronesia,,Oceania excluding Australia and New Zealand
Micronesia (Federated States of),583,FM,FSM,Oceania,Micronesia,,Oceania excluding Australia and New Zealand
Nauru,520,NR,NRU,Oceania,Micronesia,,Oceania excluding Australia and New Zealand
Northern Mariana Islands,580,MP,MNP,Oceania,Micronesia,,Oceania excluding Australia and New Zealand
Palau,585,PW,PLW,Oceania,Micronesia,,Oceania excluding Australia and New Zealand
United States Minor Outlying Islands,581,UM,UMI,Oceania,Micronesia,,Oceania excluding Australia and New Zealand
American Samoa,16,AS,ASM,Oceania,Polynesia,,Oceania excluding Australia and New Zealand
Cook Islands,184,CK,COK,Oceania,Polynesia,,Oceania excluding Australia and New Zealand
French Polynesia,258,PF,PYF,Oceania,Polynesia,,Oceania excluding Australia and New Zealand
Niue,570,NU,NIU,Oceania,Polynesia,,Oceania excluding Australia and New Zealand
Pitcairn,612,PN,PCN,Oceania,Polynesia,,Oceania excluding Australia and New Zealand
Samoa,882,WS,WSM,Oceania,Polynesia,,Oceania excluding Australia and New Zealand
Tokelau,772,TK,TKL,Oceania,Polynesia,,Oceania excluding Australia and New Zealand
Tonga,776,TO,TON,Oceania,Polynesia,,Oceania excluding Australia and New Zealand
Tuvalu,798,TV,TUV,Oceania,Polynesia,,Oceania excluding Australia and New Zealand
Wallis and Futuna Islands,876,WF,WLF,Oceania,Polynesia,,Oceania excluding Australia and New Zealand
