iso3,total_refugee_stock_2022
ABW,0
AFG,52159
AGO,25514
AIA,0
ALB,2676
ARE,1399
ARG,4094
ARM,34634
ATG,0
AUS,54430
AUT,258613
AZE,6414
BDI,84636
BEL,150713
BEN,1779
BFA,34375
BGD,952384
BGR,176297
BHR,255
BHS,10
BIH,274
BLR,19715
BLZ,145
BOL,1116
BRA,67522
BRN,0
BWA,733
CAF,11213
CAN,140621
CHE,182474
CHL,2133
CHN,320
CIV,2251
CMR,473887
COD,520544
COG,41557
COL,1607
COM,12
CPV,0
CRI,14088
CUB,174
CUW,0
CYM,47
CYP,29280
CZE,435212
DEU,2075445
DJI,20383
DNK,67772
DOM,546
DZA,99107
ECU,60125
EGY,294632
ERI,119
ESP,314490
EST,40806
ETH,879598
FIN,69553
FJI,5
FRA,612934
GAB,205
GBR,328989
GEO,27839
GHA,8531
GIN,2199
GMB,3685
GNB,24
GRC,160761
GRD,0
GTM,701
GUY,12
HKG,285
HND,165
HRV,20638
HUN,35370
IDN,9785
IND,242835
IRL,81256
IRN,3425091
IRQ,273716
ISL,5240
ISR,1207
ITA,296181
JAM,31
JOR,697761
JPN,15451
KAZ,308
KEN,504473
KGZ,274
KHM,24
KNA,0
KOR,3825
KWT,684
LBN,818861
LBR,620
LBY,2208
LIE,524
LKA,504
LSO,251
LTU,67638
LUX,11952
LVA,39055
MAR,7907
MCO,17
MDA,105374
MDG,119
MEX,95579
MKD,7065
MLI,60637
MLT,11098
MMR,0
MNE,32438
MNG,10
MOZ,4992
MRT,100981
MWI,35162
MYS,134554
NAM,4685
NER,255307
NGA,91275
NIC,312
NLD,237368
NOR,75311
NPL,19560
NRU,45
NZL,1791
OMN,295
PAK,1743785
PAN,2576
PER,6543
PHL,856
PNG,10524
POL,971129
PRT,59777
PRY,5420
QAT,197
ROU,105621
RUS,1277672
RWA,120753
SAU,454
SDN,1097128
SEN,11802
SGP,0
SLB,0
SLE,0
SLV,104
SOM,16023
SRB,26521
SSD,308369
SUR,25
SVK,96563
SVN,8705
SWE,277726
SWZ,1173
SXM,0
SYR,13121
TCA,7
TCD,592764
TGO,9300
THA,94472
TJK,8608
TKM,14
TTO,3424
TUN,3299
TUR,3568259
TZA,206229
UGA,1463523
UKR,2520
UNK,0
URY,1115
USA,363059
UZB,13026
VCT,0
VEN,29341
VNM,0
YEM,77458
ZAF,66596
ZMB,61159
ZWE,10475
